Year,Month,Day,EnergyUse,Temp,Humidity,dew,windspeed,windgust,solarradiation,solarenergy,uvindex,cloudcover,winddir
2019,1,1,2097.48,52.6,69.5,42.2,22.2,45,48.4,4.3,3,71,285.4
2019,1,2,4228.28,38.6,67.8,28.7,10,16.3,48,4.2,2,81.3,100.5
2019,1,3,4975.88,39.7,69.7,30.3,13.5,25.7,39.6,3.5,2,44.4,322.1
2019,1,4,4933.6,37.8,76.5,30.9,10.2,20.4,42.1,3.6,2,13.2,217.1
2019,1,5,4079.6,44.1,90.5,41.4,13.4,25.3,17.5,1.6,1,70.4,3.1
2019,1,6,4343.36,42.6,61.3,29.3,19,33.1,39.3,3.4,2,48.2,307.2
2019,1,7,5840.24,31,49.2,13.7,11,18.1,41.7,3.7,3,20.7,10.9
2019,1,8,4935.84,37.2,90.1,34.5,7.3,28.9,20.7,1.9,1,89.7,48.8
2019,1,9,4575.76,41.7,56.5,26.5,18.4,32.4,43.2,3.9,4,52.8,293.5
2019,1,10,5902.4,33.2,50.5,16.7,24.4,34.7,45.9,4.1,2,60.5,306.4
2019,1,11,6305.88,27.8,41.4,6.7,19.9,33,49.6,4.2,4,14.1,323.6
2019,1,12,6150.48,26.8,45.2,7.9,5.5,10.7,43.3,3.9,3,38.6,318.7
2019,1,13,6279.84,28.3,64.2,17,13.6,21,23.2,1.9,1,81.7,41.5
2019,1,14,6363.84,26.8,54.5,12.2,13.4,21.3,54.6,4.6,4,17.1,6.4
2019,1,15,6103.16,28.1,57.3,14.5,11.3,14.5,48.7,4.2,4,0.1,305.7
2019,1,16,6043.52,31.6,67.9,21.9,9.2,27.3,29.3,2.4,1,64,258.7
2019,1,17,6117.16,29.8,49.6,12.7,9.2,17.2,41.1,3.6,2,20.5,38
2019,1,18,5816.44,31.6,89.2,28.8,5.8,13.2,27.3,2.4,1,87.2,320.1
2019,1,19,5470.36,34.6,74.3,26.9,13.4,26.6,28.5,2.4,1,92.5,72.9
2019,1,20,5801.04,32.4,79.9,26.5,21.7,35.8,26.1,2.1,1,74.8,337.3
2019,1,21,8485.96,12.6,41.9,-6.6,22.9,37.6,63.7,5.5,4,8.2,305.8
2019,1,22,7392,21.1,46.7,3.2,14,21.9,65,5.6,5,0.3,291.7
2019,1,23,5400.92,36.9,61.1,24.5,13.8,34.4,53.1,4.5,4,57.8,188.1
2019,1,24,3563.28,51.6,85,47.2,23.8,35.6,11,1,1,91.3,208.9
2019,1,25,5124.28,33.9,47.8,15.5,18.3,26,59.8,5.2,5,39.8,274.8
2019,1,26,6038.48,27.4,50,10.7,8.1,17,61.9,5.2,4,38,190.7
2019,1,27,5164.04,36.4,60.9,23.3,14.7,29.1,55.6,5,3,46.6,215.2
2019,1,28,6085.52,28.4,47.9,10.9,10.4,19.2,68.7,5.9,3,0.3,1.2
2019,1,29,6167,31,76.3,24.2,11,20.8,32.4,2.8,1,71.4,155.3
2019,1,30,7184.8,19.9,50.7,4.2,25.1,42.1,61,5.1,5,15.4,271.1
2019,1,31,8397.22,8.8,42.3,-9.6,16.7,23,75.2,6.5,5,0.2,269.7
2019,2,1,8532.16,12.9,68.6,4.1,5.7,11.4,56.1,5,2,39.8,267.5
2019,2,2,7164.08,21.2,73.8,13.9,13.7,24.8,73.6,6.4,4,0.2,240.6
2019,2,3,5109.44,37.8,67.8,27.2,7.6,14.8,70.8,6.2,4,2.5,227.8
2019,2,4,4320.12,44,65.7,32.5,6.9,10.3,76.1,6.6,5,1,202.4
2019,2,5,3535,51.3,66.2,39.4,11,19.7,80.3,6.9,5,12.8,290.9
2019,2,6,4212.04,43.9,67.8,33.4,11,26.4,55.5,4.9,4,45.7,72.1
2019,2,7,4262.72,44.4,83.5,39.6,9.2,17.2,44.1,3.9,2,98.4,50.9
2019,2,8,4367.44,44.8,63.5,30.8,19.9,38.9,58.1,5,5,52.7,282.5
2019,2,9,5670,30.5,36.9,7,22.4,36.3,93.7,8,6,0,319.8
2019,2,10,6021.96,30.1,46.5,11.3,9.1,16.8,69.8,6,4,20.1,287.2
2019,2,11,5853.96,34.5,68.1,24.8,9,12.8,48.2,4.1,2,86.1,62.6
2019,2,12,5915.84,34.7,78.1,28.5,16.1,29.8,20.4,1.9,1,90,69.1
2019,2,13,5351.36,38.5,65.7,27.3,22.9,34.3,51.7,4.4,3,70.2,271.1
2019,2,14,5063.24,39.6,49.3,21.7,12.8,22.4,90.5,7.8,5,34.3,253.2
2019,2,15,3733.52,52,54.8,35.8,20.2,28,68,5.8,5,54,203
2019,2,16,4553.64,41.1,41.2,18.9,13.6,25.3,103.4,9,6,9.2,328.8
2019,2,17,5598.88,32.9,57.1,19,13.1,16.8,58.1,4.9,4,30.1,35.2
2019,2,18,5387.2,37.7,72.1,28.8,17.4,32.8,56.7,5,3,84,308.7
2019,2,19,6202.28,31.1,43.4,10.9,15.5,23,110.2,9.5,6,0.5,322.1
2019,2,20,6477.52,31,68.1,20.9,10.1,31.3,14.2,1.2,1,59.4,63.8
2019,2,21,4602.36,43,70,32.7,15.7,27.1,118.8,10.4,6,45,283.6
2019,2,22,4588.08,43.1,47.6,24.4,12.3,19.7,76.1,6.5,3,0.7,338.8
2019,2,23,5061.56,37.6,64.6,26.5,6.9,13,65.4,5.6,3,31.9,65.8
2019,2,24,4384.8,44.5,82.9,39.1,18.6,38,27.6,2.4,1,88.7,253.6
2019,2,25,4845.4,39.4,33.5,12.9,27.9,47.1,124.3,10.7,6,20.1,285.1
2019,2,26,5665.52,33.7,40.4,12,16,25.3,110.2,9.4,7,7.3,302
2019,2,27,6106.79,30.7,48.2,12.8,13.3,19.9,85.8,7.3,4,85.4,99
2019,2,28,5171.63,34.5,53.9,17.8,19.2,30.5,126.1,11,7,33.1,357.3
2019,3,1,5826.24,33.3,70.7,24.4,12.2,19,44.5,3.9,3,95.2,56.9
2019,3,2,5260.08,36.8,79.2,30.8,11.4,19.9,61.1,5.2,2,75.4,337.2
2019,3,3,4975.6,38.1,73.8,30.1,10.2,17.2,74,6.4,4,69.9,73.1
2019,3,4,5554.08,34.5,66.4,23.8,16,24.2,110.9,9.5,8,56,313.9
2019,3,5,7133,24.5,49.4,8,14.3,30.7,141,12.1,7,7.1,274.2
2019,3,6,7483,20.5,49.7,4.5,18.3,29.6,116.6,10.2,7,28.1,289.8
2019,3,7,7228.2,24,56.5,10.5,12.7,24.2,88.8,7.7,4,49.4,261.9
2019,3,8,6072.36,29.7,64,18.2,9,16.3,114.2,9.7,5,32.2,254.9
2019,3,9,4442.76,38,63.3,25.3,11.9,14.5,157.5,13.7,7,26.9,105.1
2019,3,10,4371.36,39.5,96.5,38.6,13.5,30,30.9,2.5,1,94.1,62.6
2019,3,11,3695.44,46.1,55.9,29.2,14.6,27.6,157.8,13.7,6,17.7,277.3
2019,3,12,4859.12,38,45.9,18.7,15.9,30.9,167,14.6,8,7.4,323.2
2019,3,13,4713.8,38.1,55.2,22.4,10.1,16.3,119.8,10.4,5,12.5,198.6
2019,3,14,3186.4,51.3,57,36.4,16.5,23.7,148.9,12.9,7,26.9,168
2019,3,15,1743,63.7,72.5,54.5,19.4,32.6,111.8,9.8,5,44.8,209.4
2019,3,16,3205.72,46,44.4,25.1,21.8,35.6,164.5,14.2,8,41.9,296.1
2019,3,17,4444.16,36.9,40,14.2,12.7,22.8,195.7,17,8,7.3,294.5
2019,3,18,4955.16,36.4,44.2,16,10.8,18.3,146.9,12.8,7,46.7,314.6
2019,3,19,4539.92,38.3,48.2,18.4,7.5,18.1,174.2,15.1,7,15.7,320.5
2019,3,20,4119.92,40.5,62,26.4,13.5,20.6,168.7,14.4,7,5.5,169.7
2019,3,21,4435.48,44.4,89.2,41.3,17,35.1,22.3,2,1,92.6,80.9
2019,3,22,4381.02,42.9,79,36.2,20.2,36.1,93.8,8.2,5,81.2,308.9
2019,3,23,4161.36,41.5,41.4,17.9,21.4,34.1,215.3,18.7,8,22.2,296.3
2019,3,24,3551.1,47.6,31.5,18.1,15.8,44.7,189.2,16.5,8,3.8,246.8
2019,3,25,2930.06,47.8,53.1,30.8,10.9,19.7,45.7,4,1,87.4,349.6
2019,3,26,2259.04,39.5,31,9.3,16.1,25.3,220.9,19.3,8,11,3.7
2019,3,27,2466.38,37.8,38.7,14,13,19.7,209.3,18.1,8,0.1,91.8
2019,3,28,3786.16,42.8,59.9,28.1,11.1,21.9,199.9,17.2,8,6.9,190.5
2019,3,29,3926.02,51.6,68.3,41.4,7.9,17.4,65.9,5.7,3,86.2,208.9
2019,3,30,3678.64,60,59.3,44,19.4,29.2,177.9,15.3,8,32.1,171.9
2019,3,31,2886.1,53.3,63.6,40.9,17.2,28.6,65.6,5.5,5,59.5,262.5
2019,4,1,4575.48,37.8,39.1,14.5,17.6,25.6,233.2,20.2,9,0.2,308.1
2019,4,2,4194.54,39.9,56.8,25.2,14.8,24.6,138.8,12,6,22.3,107.9
2019,4,3,2915.64,51.2,46.7,27.2,27.3,39.1,228.2,19.7,8,5.5,280.7
2019,4,4,2834.16,51,32,21.7,14.1,21.3,228.4,19.5,8,5.5,318.3
2019,4,5,3533.46,40.8,59.1,25.6,13.3,23.5,56.5,4.6,2,80.3,73.3
2019,4,6,2582.16,50.7,77.7,42.8,7.9,15.2,226.3,19.5,8,57.9,337.9
2019,4,7,2138.22,56.4,63.7,43.2,15.3,23,184.3,15.9,7,16.4,170.8
2019,4,8,1924.44,65.1,70.6,53.8,14.1,29.1,165.1,14.2,8,60,234.7
2019,4,9,1958.46,56.7,76.5,48.9,16.6,26.4,190.9,16.4,7,36.7,99.2
2019,4,10,3087.84,51,57.3,34.9,16.5,23.6,234.3,20.1,10,21.4,335.3
2019,4,11,4221,44.9,45.9,24.8,12.2,19.2,151.6,13.2,8,69.6,81.2
2019,4,12,2408.7,57.1,63.2,44,17.8,32,156.8,13.5,7,79.9,158.8
2019,4,13,1505.28,66,78,58.2,12.5,30.9,155,13.4,8,48.8,206.7
2019,4,14,1856.82,64,91.7,61.4,13.5,23.9,58.2,5.1,2,67.2,171.3
2019,4,15,2632.56,56.4,70,46,25.4,42.3,94.5,8.1,4,72.3,269.5
2019,4,16,2958.9,51.5,39.6,26.6,18,26.6,247.1,21.3,9,28.8,293
2019,4,17,2722.44,53.3,51.7,35.2,13.5,19.7,175.3,15.1,6,92.2,94.5
2019,4,18,2020.2,62.6,63.8,49.7,16.8,29,167.2,14.4,8,57.6,155.5
2019,4,19,1722.84,68.9,76.5,61.1,20.4,34.8,105.4,8.9,5,60.7,187.1
2019,4,20,1759.38,65.2,82.3,59.2,17.9,32.9,100.5,8.7,6,54.8,170.1
2019,4,21,1751.4,59,72.9,49.6,10.8,19.2,159.1,13.8,7,60.1,247.3
2019,4,22,2112.18,58.8,73.5,50.2,16.9,26.2,108.9,9.4,5,51.8,348
2019,4,23,1997.1,64.9,57.9,48.1,13.5,19.7,241.1,20.8,9,15.2,244.2
2019,4,24,1882.02,64.8,49.4,44.5,14.9,23.9,260.9,22.5,9,11,292.8
2019,4,25,2595.6,56.2,65.5,44.6,10,18.3,142,12.3,7,34.7,96.2
2019,4,26,2693.88,56.9,89.2,53.6,13.5,35.1,49.8,4.2,3,85.4,118.5
2019,4,27,1999.2,56.5,42.6,32.9,22.8,40.1,198.7,17.1,7,31.2,282.1
2019,4,28,2924.04,51.5,69.9,41.7,14.8,28.2,111.1,9.4,7,70.2,30.7
2019,4,29,3369.24,49.2,55.9,33,13.4,19.7,243.5,21.1,9,29.4,141.5
2019,4,30,2551.92,56.7,83.6,51.2,11.3,24.2,110.5,9.6,4,80.6,97
2019,5,1,2878.26,53.2,82.4,47.8,12.2,26.8,66.7,5.8,2,96.3,101.1
2019,5,2,2199.96,60.8,84,55,13.4,20.8,239.9,20.9,9,66.6,94.8
2019,5,3,2646,53.6,90.6,50.9,10,20.1,79.3,6.9,3,89.9,76.3
2019,5,4,1806.42,61.4,84.8,56.5,9.7,22.6,150.6,13,7,82.4,75.1
2019,5,5,2422.14,55.1,95.6,53.9,15.7,27.3,28.7,2.5,1,96.2,54.2
2019,5,6,2041.62,60.2,73.8,51.2,12.6,23.5,227.6,19.6,9,62.6,27.1
2019,5,7,1913.52,61.4,76.8,53.6,12.4,29.8,235.7,20.3,9,59,203.9
2019,5,8,2071.44,61.9,78.2,54.6,9.9,18.1,164.8,14.1,9,66.7,70.7
2019,5,9,2439.78,55.1,82.5,49.7,12.7,23.7,72.9,6.2,3,90,90.8
2019,5,10,1722,65.9,81.6,59.7,15.9,35.6,134.3,11.6,7,73.7,197.9
2019,5,11,1479.24,62.7,68.9,51,12.5,19.7,236,20.4,9,52.2,345.5
2019,5,12,2903.46,48.9,93.2,47,19.2,34.1,31.6,2.6,1,92.8,72.8
2019,5,13,3018.12,46.1,95.2,44.8,12.1,26.6,54.3,4.7,3,90.4,60
2019,5,14,2044.98,48.9,85.7,44.5,13.5,23,98.3,8.6,4,85.9,291.8
2019,5,15,1768.62,56.7,60.1,41.7,12.4,27.1,247.9,21.4,10,25.9,305.2
2019,5,16,1777.44,63.2,56.8,46,12.5,19.9,293.1,25.6,10,37.6,297
2019,5,17,2029.44,66.8,69.5,55.7,12.5,31.5,179.7,15.6,7,28.6,245.4
2019,5,18,1428.84,66.3,60.7,50.7,9.7,14.8,296.1,25.6,9,15.2,321.6
2019,5,19,1609.02,70.3,74,61.2,14.8,33.3,265.9,22.8,9,29.6,175.8
2019,5,20,2869.44,76.8,63.5,62.3,15.7,28.4,203.8,17.6,7,31.3,247.3
2019,5,21,2209.62,63.9,45.5,41.7,16.1,25,303.6,26.1,10,10.2,325.2
2019,5,22,1788.78,62.7,47.1,41,9.9,16.1,286.9,24.8,9,1.7,310
2019,5,23,1892.1,64.5,73,55.4,13.4,28.6,154.1,13.3,7,40.7,195
2019,5,24,1452.36,70.7,58,54.1,19.3,31.1,312.9,26.9,9,12.7,323.9
2019,5,25,1488.48,63.1,66.8,51.5,13.4,22.6,200.8,17.3,6,41.3,171.1
2019,5,26,1675.38,71,75.8,62.2,11.2,27.3,244.6,21.2,9,48.6,261.6
2019,5,27,1472.1,72.4,58.4,55.9,10.2,15.9,261,22.5,9,38.3,337.9
2019,5,28,2360.82,68.1,81.8,62.2,12.3,31.5,77.7,6.7,4,41.6,186.1
2019,5,29,2346.12,70.7,80.6,64.1,22,32.8,153.5,13.3,6,51.9,317.1
2019,5,30,2214.24,66.7,92,64.1,9.3,27.7,157.8,13.6,8,71.1,148.3
2019,5,31,1812.3,71.5,72.2,61.1,9.2,23,262.9,22.7,9,12.6,295.7
2019,6,1,1495.2,70.1,70.5,59.4,8.8,11.6,233.8,20.1,7,5.6,154.7
2019,6,2,1661.52,70.1,74.6,61.1,13.4,29.8,235.9,20.3,8,26.9,264
2019,6,3,1375.92,62.5,56,44.5,14.7,23,299.2,25.9,10,12,303.6
2019,6,4,1459.08,60.9,51.7,41.5,11.4,19,313.4,27,9,0.4,271.3
2019,6,5,2145.78,71.8,66.6,59.7,14.9,27.7,213.5,18.4,8,29.5,204.9
2019,6,6,2287.74,75.3,74.1,65.5,11.1,19.9,254,21.9,9,43.4,296.6
2019,6,7,1635.06,71.5,66.7,59.4,6.8,12.8,174.3,15,5,7.9,11.7
2019,6,8,1280.16,69.4,63.8,54.9,20.5,27.7,257,22.1,9,0.5,79.8
2019,6,9,1094.94,66,60.2,50.7,16.4,28.9,311.3,26.8,10,4.5,79
2019,6,10,2342.76,65.9,91.9,63.5,14.4,21.7,78.5,6.7,4,95.3,73.2
2019,6,11,1648.92,70.1,65.6,56.2,18.2,30.1,290,25,9,34.2,329.2
2019,6,12,1540.56,65,55.3,48.1,14.4,23,268.4,23.1,8,13.9,111.7
2019,6,13,1852.62,62.1,85.3,57.5,17.9,28.4,129.2,11,5,84.3,66.4
2019,6,14,1386,64.3,64.7,50.5,17,25.3,246.5,21.3,8,20,267.9
2019,6,15,1231.44,68.8,57.8,52.3,19.4,27.4,290.5,25.1,9,7.2,215.9
2019,6,16,1779.54,73.3,71.4,63,20.5,28.9,196,16.9,7,43.3,217.6
2019,6,17,2384.34,72.4,85.5,67.5,6.8,17.9,139.5,12.1,5,50.1,344.2
2019,6,18,2612.82,72,92.7,69.7,10,23.3,108.6,9.3,4,76.9,125.4
2019,6,19,2698.5,70.3,96.2,69.2,8.9,18.3,50.1,4.2,2,93,77.5
2019,6,20,2485.14,72.6,93.1,70.4,10.9,20.8,120.9,10.4,5,71.7,202.5
2019,6,21,1614.9,71.9,72.6,61.4,21.2,29,193.4,16.9,8,44.3,314.3
2019,6,22,1283.52,71.1,53.8,52.3,16.8,25,271.8,23.2,9,20.3,321.6
2019,6,23,1349.88,72.4,50.9,52.2,11.1,18.3,301.5,25.9,9,0.1,297.3
2019,6,24,2253.72,74.1,61.7,59.1,8.7,15,201.5,17.1,8,3.5,157.4
2019,6,25,2633.82,77.6,73.9,67.7,10.2,43.6,168.8,14.6,6,42.3,255.9
2019,6,26,2178.54,78.9,56.5,61.2,8.9,14.8,298.5,25.8,9,7.6,293.1
2019,6,27,2275.14,80.6,56.7,62.1,9.9,16.6,284.1,24.5,9,10.8,324.5
2019,6,28,2318.4,78.5,64.9,64.4,12.9,11.6,250,21.7,9,11.9,71.9
2019,6,29,2047.5,76.2,81.7,69.4,18.9,40.8,216.5,18.7,8,8.3,257
2019,6,30,1635.9,76.4,62.5,61,17.1,27.8,280,24.3,9,14.1,314.7
2019,7,1,1709.4,73.5,55.5,55.9,7.8,16.1,296.2,25.6,9,1.2,307.2
2019,7,2,2350.74,77.2,66.2,64.1,10.4,22.8,228.4,19.8,8,12.8,257.6
2019,7,3,2757.72,77.9,78.4,70.3,9.9,21.9,157.7,13.5,8,43.3,307.8
2019,7,4,1960.98,80.2,70.1,68,12.2,21.3,282.7,24.4,9,12,113.4
2019,7,5,2455.32,77.6,85.4,72.6,13.1,18.3,169,14.6,7,59.6,111
2019,7,6,2538.9,77.6,89,73.8,12.2,21.3,128.8,11.1,6,62.5,223.3
2019,7,7,1851.78,76.8,80.6,69.9,11.4,20.8,190.6,16.5,7,41.3,88.4
2019,7,8,2430.54,71.5,83.5,66,8.8,17.2,139.3,12,7,61.2,61.2
2019,7,9,2104.2,76.1,72.5,65.5,6.8,13.9,258,22.3,9,7.7,307.2
2019,7,10,2509.08,78.5,70.6,67.4,10,16.8,177.4,15.1,6,21.3,229.7
2019,7,11,2774.94,74.7,81.3,68.3,10.9,24.8,112.9,9.6,6,43.4,173.8
2019,7,12,2042.46,77.9,73.5,67.5,14.8,20.8,253.1,21.9,9,50.2,296.4
2019,7,13,1682.94,76.7,66.1,63.9,9.9,16.8,295.6,25.3,10,10,286
2019,7,14,1839.18,79.5,62.7,64.7,12.4,22.4,226.2,19.4,7,6.6,294.3
2019,7,15,2066.82,75.3,60.8,59.8,8.9,16.1,292.4,25.3,9,0.1,305.1
2019,7,16,2290.26,79.4,63.5,65,9.3,17.2,267.9,23.2,8,3.8,229.9
2019,7,17,3117.24,82.5,73.5,72.4,11.5,32.9,198,17.2,7,25.5,212.3
2019,7,18,3365.04,77.2,90.7,74.1,6.6,15.2,114.4,9.8,7,83.7,115.3
2019,7,19,2498.58,81.7,78.5,73.5,11.1,19.7,230.5,20,8,57.1,241.7
2019,7,20,2601.06,87.3,66.1,73.8,9.9,20.8,258.2,22,8,11.7,262.8
2019,7,21,2787.12,88,65.4,74.4,12.5,24.6,264.9,22.9,8,9.6,278
2019,7,22,3081.12,79.6,79.3,71.9,15.3,43.2,215.6,18.4,9,32.4,220.8
2019,7,23,2491.02,70.7,89.3,67.2,10.9,30,82,7.2,3,75.7,354.6
2019,7,24,1911.42,73.5,70.8,61.8,8.1,20.8,245.5,21.3,8,29.5,348.7
2019,7,25,1944.6,74.7,64.9,60.6,7.9,12.8,270.2,23.2,9,4.2,355.4
2019,7,26,1966.44,75.7,63.2,60.9,6.8,9.4,233.9,20.1,9,2.8,359.2
2019,7,27,1724.52,76.8,65.9,63.5,8.7,13.6,242.3,21,8,9.5,198.5
2019,7,28,1879.5,79.2,66.4,65.9,9.1,21.5,261.1,22.6,9,6.5,235.9
2019,7,29,2588.04,82.3,63.8,67.9,9.1,19.5,228.5,19.9,9,5.4,253.5
2019,7,30,2876.58,82.9,65.2,69,12.3,21.5,242.7,20.8,9,9.7,208.3
2019,7,31,2774.1,75.3,80.1,68.5,9.9,50.6,125.6,11,6,25.4,282.6
2019,8,1,2350.32,76.6,72.2,66.1,9,14.8,221.6,18.9,9,22.9,46.7
2019,8,2,1986.18,75.4,74,65.8,12.3,20.8,185.4,15.9,7,7.1,160.4
2019,8,3,2011.38,77,77.6,68.7,7.8,15,220.9,19,9,33.8,180.6
2019,8,4,1949.64,79.6,65,65.3,8.1,13,239.2,20.7,8,12.3,344.4
2019,8,5,2281.02,76.2,67.8,64.4,9.6,14.5,208.5,18.1,7,9.4,31.3
2019,8,6,2688.84,76,83.4,70.2,14.3,17.9,146.5,12.9,6,48.3,158.1
2019,8,7,2849.28,74.4,87.4,70.1,13.9,29.4,145.5,12.5,8,63.9,152.5
2019,8,8,2477.58,74.7,81.7,68.3,11.1,27.7,207.5,17.8,9,62.7,238.6
2019,8,9,2037.84,75.6,64.8,61.8,11.4,23,246.4,21.3,8,15.5,289.6
2019,8,10,1498.56,72.6,57.9,56,13.6,21.7,246.8,21.4,8,14.3,306.6
2019,8,11,1338.54,71.1,58.9,54.5,10.1,18.6,244.7,21.2,9,3.4,298.6
2019,8,12,1942.92,73.9,62.3,59.1,11.2,20.8,249.6,21.5,8,1.7,236.7
2019,8,13,2947.56,75.1,82,69.1,10.1,21.7,70.8,6.1,3,65.2,196
2019,8,14,2855.58,74.5,89.8,71.3,9.8,14.5,82.4,7,5,66.3,69.5
2019,8,15,2288.16,74.6,79,66.9,12.2,18.3,217.3,18.9,8,37.1,94.6
2019,8,16,2109.24,75.2,80.9,68.6,10.8,17.9,140.8,12.2,7,77.8,102
2019,8,17,2230.2,79,80.7,72,7.8,14.1,172.8,15,7,59.6,115.9
2019,8,18,2380.14,79.1,82.1,72.7,9.7,28.9,171,14.7,8,26.1,188.3
2019,8,19,2693.04,78.6,79.2,71,10.8,21,186,16.1,7,33.8,240.7
2019,8,20,2634.66,79,75.1,69.7,10.1,15.4,203.8,17.7,8,11.3,134.2
2019,8,21,3014.34,79.2,80.9,72.2,11.5,29.8,171,14.8,8,38.3,208.9
2019,8,22,2695.98,79.6,75.5,70,9.1,19.9,215.9,18.7,8,29.4,261.2
2019,8,23,2516.22,68.3,84.5,63.3,8.8,22.6,56.5,5,2,44.5,344.6
2019,8,24,1298.22,67.1,61.9,52.5,11,20.1,217.2,18.7,9,40.3,3
2019,8,25,1452.78,66.3,70.9,56.1,15.7,26.2,198.3,17.2,9,45.1,52.8
2019,8,26,1521.66,64.5,74.3,55.5,11,19.9,199.3,17.1,8,36.3,57.4
2019,8,27,2002.98,64.9,81.7,58.8,7.6,13.9,111.8,9.7,4,12.1,74.5
2019,8,28,2433.9,71.2,84.4,66,7.6,13.4,126.8,11.1,5,65.4,44.2
2019,8,29,1734.6,72.1,64.7,57.7,13.8,20.9,209.8,18.1,8,6.7,308.5
2019,8,30,1718.64,72.7,64.8,59,14.7,23.5,203,17.5,8,11.9,229.6
2019,8,31,1572.48,73.3,58.5,56.3,9.6,19,208.7,18.1,8,5,8.5
2019,9,1,1614.48,69.5,64.7,56.7,11,19.9,197.7,17,7,5.1,83.8
2019,9,2,2124.78,70.2,89.6,66.9,9.1,30,110.1,9.3,6,56.5,192.9
2019,9,3,1908.48,72.5,70.7,61.5,10.6,14.8,182,15.7,8,6.1,33.5
2019,9,4,2554.44,76.1,77.5,67.8,16.9,27.7,177.3,15.3,8,56.4,214.1
2019,9,5,2024.82,68.8,67.7,57.4,10.2,18.3,135.4,11.7,6,21.1,29.6
2019,9,6,2232.3,62.2,86,57.9,17.9,26.2,30.4,2.6,1,76.1,33
2019,9,7,1326.36,65.7,69.4,54.2,12.5,25.1,176.8,15.1,8,30.9,313.6
2019,9,8,1519.14,69,67.2,56.9,8.9,17.7,196.9,17.2,7,16.2,271.4
2019,9,9,2274.3,69.6,74.6,60.9,9.8,15.4,120.8,10.3,7,54.9,54.9
2019,9,10,2339.82,71.2,79.9,64.3,13.2,18.6,133.7,11.4,5,65.2,168.2
2019,9,11,2457.42,76.6,77.2,68.2,10.2,23.5,178.8,15.4,7,33.1,218.1
2019,9,12,2793.42,74.9,83.9,69.4,11.2,23.7,92.1,8,4,46.3,11.7
2019,9,13,1634.64,63.4,75.3,55,17.6,27.1,110.8,9.6,4,84.3,83.3
2019,9,14,1787.1,68.4,75.6,60.3,12.2,25.7,87.9,7.6,3,90,183.9
2019,9,15,1582.98,73.6,69.4,61.3,9.2,15,187.3,16.2,7,36.2,321.5
2019,9,16,2565.78,71.1,72.6,61.4,6.8,12.8,89.5,7.6,4,72.9,49
2019,9,17,1560.72,68.9,58,51.8,10.1,17.7,176,15.1,7,26.1,35.4
2019,9,18,1547.28,61.8,63.7,48.8,11.2,19.7,126.2,11,8,30,40.2
2019,9,19,1309.56,58.2,63.5,44.6,7.9,15.4,168.3,14.5,7,0.2,22.9
2019,9,20,1571.22,62.1,65,48.3,11.1,20.8,159.6,13.8,7,0.4,265.1
2019,9,21,1494.78,68,65.9,54.2,6.9,12.5,158.8,13.7,7,0.3,261
2019,9,22,1844.64,71.8,73,61.7,9,20.8,145.1,12.4,7,9,198.3
2019,9,23,2600.64,77.2,67.7,64.5,13.7,26.2,146.5,12.6,6,28,218.2
2019,9,24,2082.78,70,61.2,55.3,12.5,19.7,130.4,11.3,6,38.8,302.1
2019,9,25,1802.22,65.9,61.7,50.6,11.2,18.3,137.5,11.7,6,3.2,283.5
2019,9,26,2074.38,65.6,80.5,58.8,12.5,25.3,96.3,8.3,6,20.6,259.7
2019,9,27,1362.9,64.2,71.7,52.7,8.8,14.1,142.6,12.3,7,0.2,215.5
2019,9,28,1919.82,71,78.9,63.6,13.4,22.8,102.1,8.9,5,30.6,205.4
2019,9,29,1812.72,72.6,68.5,60.5,10,25.9,91.4,8,5,25.7,24.8
2019,9,30,2247.42,64.4,63.1,51.3,10,20.6,50,4.4,2,76.3,92.2
2019,10,1,2197.02,70.2,73.5,61,13.4,20.8,129.6,11.1,6,55.9,214.5
2019,10,2,2820.3,78.3,71.4,66.6,12.3,28.1,105.9,9.3,6,16.3,270
2019,10,3,2409.12,59.5,95.2,58.1,14.4,24.8,18.9,1.7,1,96.8,55.3
2019,10,4,1629.6,58.6,72.6,48.9,21.6,30.8,122.9,10.5,7,38,334.3
2019,10,5,1888.74,50.2,64.8,38.2,10,19,122.4,10.6,7,12.9,45.2
2019,10,6,1938.3,61.5,78.7,54.8,11.1,30.4,30.7,2.6,1,91.1,170.1
2019,10,7,2316.72,70.6,71.1,60.3,15.8,32,84.6,7.1,6,85.8,201.5
2019,10,8,2116.8,59.1,74.8,50.5,11.5,24.4,48.7,4.2,2,74.2,21.6
2019,10,9,2156.7,54.9,77.8,47.8,17,27.1,32.6,2.8,1,78.5,24.5
2019,10,10,1751.4,60.1,57.2,43.4,13.8,26.4,110.8,9.6,6,60.5,7.2
2019,10,11,1545.18,58.6,49.4,39.4,19.1,27.9,70,5.9,3,46.6,20.6
2019,10,12,1596.42,58,67.4,46.6,8.1,15.9,100.5,8.6,6,23.4,311.1
2019,10,13,1680,57,72.5,47.8,9.8,14.5,82,6.9,5,39.7,201.8
2019,10,14,1299.9,62.2,67.4,49.1,12.5,20.2,104,9,6,44.5,277.1
2019,10,15,2165.52,55.4,58.1,40.1,9.5,12.5,80.9,6.9,4,0.1,339.1
2019,10,16,2806.02,55.2,90.8,52.4,23.3,44.1,30.9,2.9,2,43.1,113.2
2019,10,17,2294.46,53.5,59,39.4,23.7,40.9,68.7,6.1,5,85.7,275.6
2019,10,18,2361.66,51.5,60.1,38,16.8,24.2,76.5,6.7,4,57.1,320
2019,10,19,2567.88,47.3,68.7,36.2,7.7,13.4,77.9,6.7,5,0,267.9
2019,10,20,2729.58,49,90.9,46.4,13.5,20.1,25.4,2.3,1,50.1,31.8
2019,10,21,1857.66,57,73,47.3,11.3,19.9,82.4,7.1,5,32.1,30.4
2019,10,22,2144.52,58.2,94,56.4,13.1,25.5,24.5,2.1,1,94.1,102.8
2019,10,23,1726.2,58.2,67,45.6,13.6,24.9,81.7,6.9,5,15.6,286.1
2019,10,24,2307.06,53.2,57.6,36.8,11.1,18.3,76.4,6.6,5,0,213.7
2019,10,25,2006.34,53.7,77.9,46.6,9.1,16.1,105.6,9.2,4,2,208.4
2019,10,26,1669.5,56.5,73.7,47.5,9.7,16.1,58.6,5,4,35.2,74.4
2019,10,27,1704.78,62.1,83.3,56.6,18.1,37.4,30.4,2.7,3,61.2,127.4
2019,10,28,2026.92,58,71.5,48.6,12.2,19.7,53.3,4.4,5,45.5,52.3
2019,10,29,2207.94,57.8,92.6,55.6,7.6,11.4,46.8,4,2,94.3,68
2019,10,30,2196.6,60.3,97.4,59.6,6.8,12.3,40.4,3.6,2,95,30.6
2019,10,31,2434.74,67.9,90.3,64.8,22.5,36.5,23,1.9,1,89.7,176.8
2019,11,1,2733.36,49.1,56.5,33.7,24.8,37.2,73.9,6.2,5,13.4,280.3
2019,11,2,3392.34,42.8,66.2,31.8,9.8,13,69.2,6,4,8.8,283.9
2019,11,3,3503.22,43.2,60.2,29.3,12.6,21.9,66.6,5.9,5,10.9,279.7
2019,11,4,3411.24,43.9,65.2,31.4,12.5,19.7,65.5,5.6,4,0.1,169
2019,11,5,2722.02,51,68.6,40.2,10.4,24.2,54.1,4.9,2,33.5,257
2019,11,6,3061.8,47.6,50.8,29.2,11.2,21.3,66.1,5.5,4,3.7,284
2019,11,7,3242.4,47,75,39.3,15.6,24.1,54.3,4.6,2,74.6,252.5
2019,11,8,4542.72,34.6,54.9,19.3,19.5,31.4,69.1,5.9,4,13.7,329.1
2019,11,9,5089.98,31.4,50.7,13.8,6.9,13.9,62.1,5.4,3,3.9,236.7
2019,11,10,4340.7,40.4,64.3,29,8.3,21.7,52.7,4.5,3,54,221.8
2019,11,11,2860.2,48.8,71.4,39.3,8.2,18.1,53.6,4.7,3,8.1,171.4
2019,11,12,4770.78,39.5,66.3,28.8,18.9,29.7,16.4,1.4,1,32.7,316.6
2019,11,13,7074.06,26.7,44.9,7.8,14.7,27.4,53.3,4.5,4,0.4,314.1
2019,11,14,6843.06,33.1,57.8,19.4,16.7,20.8,100.7,8.8,5,2.2,213.5
2019,11,15,5805.66,39,57.9,24.1,14.2,20.8,50.2,4.2,4,2.4,276.6
2019,11,16,6260.52,35.9,40.7,12.5,18.1,27.8,48.7,4.2,4,7.8,37
2019,11,17,6441.96,35.6,55.4,20.9,16,25.1,43,3.6,2,87.3,33.4
2019,11,18,5567.52,39.2,87.7,35.7,13.5,23.3,29.5,2.5,1,95.6,0.6
2019,11,19,4669.14,42,83.3,37,9,16.6,48.8,4,4,41,298.2
2019,11,20,5066.46,42.2,65.7,31.3,20.3,29.1,47.7,4.1,2,55.4,328.8
2019,11,21,4563.3,45.7,60.9,32.7,10.3,18.3,43.9,3.7,3,13.5,275.2
2019,11,22,4481.82,46.1,65.6,34.9,15,25.9,19.8,1.6,1,57.7,265.9
2019,11,23,5727.54,36.9,63.6,25.2,7,15.2,36.8,3.3,2,23.9,247.5
2019,11,24,5305.02,40.2,84.3,35.4,14.8,28.8,26.3,2.2,1,68,310.5
2019,11,25,4790.94,42.9,70.5,33.7,9.1,19.9,38.8,3.3,3,4.9,237.7
2019,11,26,4208.4,45.9,73,36.8,6.9,14.3,41.1,3.4,4,0.1,212.2
2019,11,27,3406.2,49.2,81.5,43.4,19.1,31.6,25.8,2.3,1,64.5,215.6
2019,11,28,4268.46,45.3,52.8,28.7,25.9,38.4,47.5,4,3,49.1,314.8
2019,11,29,6123.18,35.3,60.8,22.9,15.7,24.2,41.7,3.7,3,2,339.6
2019,11,30,6372.24,35.2,52.9,19,8,14.5,44.3,3.9,2,16.2,331.4
2019,12,1,6797.7,32.8,79.6,26.8,22.3,30.8,9.8,0.8,0,74,49.2
2019,12,2,6758.22,34.3,94.2,32.8,12.7,25.3,22.9,2,1,88.1,345.5
2019,12,3,6828.36,34,67.3,23.6,22.5,32.9,37.2,3.1,4,31.1,307.6
2019,12,4,6367.62,35.8,80.1,30.1,8.8,21.7,20.7,1.9,1,72.8,239.5
2019,12,5,6413.82,38,63.8,26,15.1,29.8,40.9,3.6,2,77.3,288.1
2019,12,6,5992.56,40.1,60.6,27.2,17.5,28.6,36.9,3.1,2,65.7,239.5
2019,12,7,6837.18,33.1,55.3,18.5,12.6,21.9,47.1,4.2,4,0.3,334.4
2019,12,8,7077.42,30.8,66.2,20.2,10.1,17.4,40.1,3.5,2,12.6,173.8
2019,12,9,4701.9,44.8,95.2,43.5,17.3,45.4,14.7,1.3,1,96.2,202.8
2019,12,10,3457.02,53,87.6,49.4,17.1,29.8,10,0.8,0,78.9,243.9
2019,12,11,6288.24,33.6,75.4,26,11.3,22.6,31.9,2.7,3,58.2,280.7
2019,12,12,6848.94,29.2,53.9,14.4,10.1,20.1,33.8,2.9,3,0,342
2019,12,13,5626.74,38,82.2,33,12.3,23.7,23.3,2,1,79.7,37.9
2019,12,14,3424.68,49.6,91.9,47.3,18.2,29.7,22.3,1.9,1,85.6,304.1
2019,12,15,5271.84,41.6,57.6,27.4,21.4,33,41.7,3.6,3,41.3,272.2
2019,12,16,6313.44,33.9,66.7,23.7,6.5,15.2,11.9,1,1,86,45.3
2019,12,17,6191.64,34.1,91.5,31.6,12.3,37.8,6.6,0.6,0,96,27.6
2019,12,18,6372.66,31.6,65.7,21.2,16.7,29.3,23.4,1.9,2,46.6,286.8
2019,12,19,8044.68,21,53,6.4,18,30.8,35.6,2.9,3,11.2,302.5
2019,12,20,7273.98,25.9,59.9,13.4,12.6,20.6,34.3,2.9,4,10.8,331.2
2019,12,21,7338.24,25.7,70.5,17.3,4.6,9.4,40.9,3.5,2,5,357.7
2019,12,22,6099.66,32.8,69.6,23.1,11.3,18.3,33.4,2.8,3,0,246.5
2019,12,23,5224.8,40.5,62.5,27.7,7,14.5,32.7,2.7,3,0,239.1
2019,12,24,4897.2,41.5,55.2,26,10.5,19,37.1,3.3,3,0,8.2
2019,12,25,5688.48,34.6,62,22.6,6.3,10.7,33.8,2.9,3,0,338.2
2019,12,26,5446.56,36.2,83.1,31.4,7.7,13.4,51.6,4.4,3,34.1,49.7
2019,12,27,3621.24,46.8,83.8,42,10.3,14.5,36.8,3.3,2,69.9,224.8
2019,12,28,3810.66,44.2,78.1,37.3,9,15.2,50.4,4.4,3,1.2,306.2
2019,12,29,4800.6,39.6,84.6,35.2,9,15.2,23.8,2.1,1,75.4,78.1
2019,12,30,4762.38,42.4,92.5,40.4,20.8,36,8.7,0.6,0,96.8,54.5
2019,12,31,4844.28,40,83.5,35.2,11.5,25.5,35.8,3.1,2,83.2,278.8
2020,1,1,5806.5,35.7,58.5,22.4,17.3,28.3,26.2,2.4,1,58.2,289.4
2020,1,2,5412.54,36.5,68.8,26.6,15.8,23,32.5,2.8,2,15.8,213.3
2020,1,3,4085.76,44.9,89.8,42,5.6,16.1,14,1.3,1,84.8,232.9
2020,1,4,3528.42,47.2,93.9,45.5,12.2,24.7,15,1.2,1,95.2,326.1
2020,1,5,5251.26,38.6,52.8,22.6,19.5,30.7,33,2.7,2,93,310.3
2020,1,6,5389.86,38.4,63.3,26,14.6,23,33.6,2.9,2,56.4,257.7
2020,1,7,5726.28,36.6,60.2,23.2,9.1,15.4,38.7,3.4,2,32,304.6
2020,1,8,5642.28,32.9,65.9,21.4,18.4,32.1,28.9,2.3,2,21.4,274.9
2020,1,9,6253.8,27.5,45.5,8.9,16,24.1,38.9,3.4,4,3.7,296.7
2020,1,10,4611.18,40.3,72.9,32.2,12.6,31.1,42.5,3.8,2,70.6,212.7
2020,1,11,2156.7,59.4,74.4,50.9,18.2,29.7,37.4,3.2,2,74.5,195.5
2020,1,12,1958.46,60.4,64.4,47.4,25.2,35.7,44.8,4,4,35.3,242.5
2020,1,13,4346.16,40.1,75.2,32.8,8.9,14.5,27.2,2.3,1,32.5,29.9
2020,1,14,4570.86,39.8,92.4,37.7,5.8,15.2,15.8,1.2,1,67,68.3
2020,1,15,3619.56,44.3,76,36.5,11.2,18.8,39.7,3.4,4,36.9,292
2020,1,16,4021.5,42.9,64.5,30.4,22.2,38.7,34.5,2.8,2,60.7,301.2
2020,1,17,6354.18,26.6,40.5,5.4,20.5,35,39,3.3,4,2.1,333
2020,1,18,6847.68,24.1,67.2,13.8,11.4,22.1,18.1,1.5,1,61.6,181.9
2020,1,19,5059.74,35.6,66.9,24.9,21.3,31,32.5,2.8,3,48.5,289.2
2020,1,20,6434.82,25.5,44.2,6,15.7,26.7,122.7,10.6,5,5.6,333.2
2020,1,21,6681.78,24.7,48,7.1,13.4,19.7,122.3,10.7,5,0.1,334.4
2020,1,22,6162.66,27,60.5,14.5,6.5,11,127,11,5,0,295.2
2020,1,23,5744.76,31.8,61.5,18.6,5.3,9.8,97.5,8.3,4,1.3,268.6
2020,1,24,4615.38,39.5,60.5,26.4,12.3,18.6,126.2,10.8,6,23,86.8
2020,1,25,4094.16,43.2,91.6,40.9,21.2,45.6,13.5,1.3,1,73.1,68.1
2020,1,26,4352.46,39.5,70.5,30.2,11.5,23,49.4,4.2,5,49.8,266.6
2020,1,27,4068.12,38.7,65.9,28.1,10.4,25.7,43.7,3.9,2,84,256.4
2020,1,28,4109.28,37.6,61,25.1,14.7,28.8,28.8,2.5,2,84.8,314.2
2020,1,29,5578.02,35.9,49.7,18.7,16.7,24.2,63,5.5,5,48.9,331
2020,1,30,6088.74,29,57.9,15.7,8,14.5,47.9,4.1,3,10.1,20.5
2020,1,31,5181.54,36.4,76.8,29.7,6.7,11.4,49.6,4.3,2,88,17.7
2020,2,1,4748.94,38.9,91.8,36.7,5.3,9.4,24.6,2.1,1,93.8,330.1
2020,2,2,4929.12,36.9,85,32.5,11.3,23,33.6,2.9,2,70,260.3
2020,2,3,4003.44,44.5,70.3,34.3,12.6,21,55.6,4.9,4,21.7,238.1
2020,2,4,3648.12,49.7,78.7,43.1,9.1,17.2,44,3.8,2,62.1,248.3
2020,2,5,5160.96,40.8,63,28.6,13.8,23,32.7,2.8,1,96.6,9.1
2020,2,6,5160.54,39.6,95.6,38.4,17.1,24.4,11.5,0.8,0,97.7,60.2
2020,2,7,4460.4,41.4,83.5,36.5,25.3,54.8,30.2,2.5,2,89.2,271.8
2020,2,8,5533.5,33.8,55.1,19.1,12.4,25.3,66.7,5.8,5,33.5,268.5
2020,2,9,5017.32,36.8,62.9,24.6,11,16.8,60.4,5.2,4,40.1,220
2020,2,10,4434.36,42.6,83.8,37.9,14.8,25.3,25.5,2,1,81.5,201
2020,2,11,3897.6,45.7,91.6,43.2,11.2,19.2,28.6,2.3,1,93.6,322.1
2020,2,12,4708.62,40.9,55.8,25.8,13.8,24.7,54.7,4.8,3,35.6,262
2020,2,13,4933.32,39.5,90.7,36.9,13.2,29.5,12.3,1.1,1,84.2,307
2020,2,14,6342.42,29.8,53,14.1,17.1,27.7,83.7,7.1,5,30.6,331
2020,2,15,7253.4,21.1,45.5,2.7,9.2,19,80.8,7.1,4,0,246.6
2020,2,16,5433.54,35.2,65.2,23.9,8.2,18.3,93.3,7.9,5,25.7,216.4
2020,2,17,4383.96,41.6,52.7,24.5,6.7,14.3,75.3,6.4,4,21.2,357.4
2020,2,18,4173.54,44.8,74,37,8.7,24.2,62.8,5.3,3,60.5,70.5
2020,2,19,4230.24,43.4,46.5,22.8,18,29.7,83.6,7.2,6,30.9,313.4
2020,2,20,6188.28,30.6,47.9,12.8,9.8,17.4,74.8,6.6,3,4.2,337.4
2020,2,21,6768.3,26.7,42.9,6.2,11.3,22.6,90,7.8,6,0.1,331.7
2020,2,22,5415.48,36,33.1,8.2,13.6,22.5,95.1,8.3,6,0,251.3
2020,2,23,4737.18,40.7,34.6,12.8,10.9,17.9,92.3,7.9,6,4.7,229.9
2020,2,24,4171.02,45.4,48.7,25.5,9.1,17.2,83,7.3,6,31.2,191.9
2020,2,25,3741.78,46.3,89,43.2,11.1,18.8,29.6,2.5,1,85,108.7
2020,2,26,3647.7,46,94.4,44.5,13.4,21.9,35.9,3.2,2,99,86.1
2020,2,27,4549.44,38.4,59.8,24.3,29.1,49.6,105.4,9,5,64.6,274.2
2020,2,28,5468.4,34,46.1,15.3,17.1,30.4,96.4,8.4,5,50.5,259.8
2020,2,29,6093.78,29.7,43.7,10.2,21.5,28.5,82,7,4,47.9,295.9
2020,3,1,5531.4,33.5,46,14.3,14.7,23.9,112.3,9.7,6,14.4,284.1
2020,3,2,3993.78,46.6,52.2,28.8,21.3,27.5,108,9.3,5,17.1,198.1
2020,3,3,2905.56,51,83.5,46,25.2,40.1,44.8,3.9,2,49.3,207.1
2020,3,4,3341.52,49.5,48.5,30,15.8,28.9,119.8,10.3,6,39.9,269.2
2020,3,5,4017.3,44.4,47.7,24.9,16.4,25,106.3,9.2,6,0.7,318.1
2020,3,6,5077.8,37.4,85.2,33.3,13.5,27.7,29.4,2.5,1,59,20.3
2020,3,7,4537.26,39.2,52.3,20.6,22.3,33,132.5,11.4,7,33.2,331
2020,3,8,3840.06,43,39.2,18.3,12.9,20.8,130.7,10.8,6,0,251.7
2020,3,9,3057.6,53.4,39,26.9,15,24.2,132.3,11.5,7,0,213.6
2020,3,10,2458.68,57.1,59.1,42.8,18.2,31.8,64.3,5.5,2,46.8,219.9
2020,3,11,2780.82,50.1,50.9,31.6,14.5,23.9,99,8.6,6,34.8,340.7
2020,3,12,3735.06,43.9,69.4,34.1,12.1,20.1,54.8,4.8,3,76.4,87.8
2020,3,13,2185.26,57.2,69.5,43.1,18.3,31.6,124,10.8,7,62.9,264.5
2020,3,14,2526.72,49.1,33.1,20.9,14.5,23,142.3,12.2,7,19.7,310.7
2020,3,15,2012.64,45.3,53.2,27.3,12.4,19.7,170.9,14.8,7,50.7,354.9
2020,3,16,3658.62,39.2,50.4,21.7,13.4,23,103.9,8.9,6,35.3,83.3
2020,3,17,3119.76,45.4,78.1,38.7,10,23.3,87,7.4,4,81,300.3
2020,3,18,2821.98,46.1,55,29.8,14.5,18.3,140.5,12.1,6,16.2,154.6
2020,3,19,3197.04,46.2,89,43,12.2,26.6,55.8,4.8,2,96.6,62.8
2020,3,20,2042.04,59.8,78.3,51.8,18.7,32.8,98.6,8.7,5,74.9,225.2
2020,3,21,2008.02,49.5,46.4,29.3,16,26.6,173,14.9,8,28.9,342.9
2020,3,22,3504.06,38.1,47.4,19.4,15.9,24.2,138.4,11.9,6,57.6,66.3
2020,3,23,3740.94,38.4,86.1,34.4,16.5,32,23.7,2.1,1,80.8,65.8
2020,3,24,2753.52,44.8,70.5,35.1,9.9,21.7,184.9,15.9,9,41.5,346.2
2020,3,25,3682.56,42.5,76.9,35.7,20.2,31,42.1,3.7,2,67.3,56.5
2020,3,26,2447.34,46,68.6,35.6,13.6,19,185.6,16,8,8.6,237.2
2020,3,27,1656.06,56,57.7,38.8,12.2,17.4,170.4,14.6,7,42.9,312.3
2020,3,28,2785.44,47.4,77.2,39.6,11.1,20.6,20.3,1.7,1,67.8,65.1
2020,3,29,2881.62,47.4,96,46.3,13.3,18.6,27.9,2.6,1,100,46.8
2020,3,30,2835.42,48.4,91.9,46.1,7.7,25.1,48.3,4.3,2,95.4,104.2
2020,3,31,3680.46,43.4,86.1,39.4,9.9,18.3,51.1,4.4,3,93.5,90.2
2020,4,1,2958.9,45.3,58.9,30.6,14.9,23.5,133.2,11.3,6,63.9,8.6
2020,4,2,2503.62,47.1,45.5,26.6,23.6,39.6,206.5,17.8,9,11.4,327.5
2020,4,3,2358.3,50,55.9,34.4,25.4,32.2,119.3,10.4,5,73.3,332.9
2020,4,4,2504.88,51.1,72.6,42.4,9.9,19.2,106.7,9.1,5,63.3,16.4
2020,4,5,2130.66,53.9,70.4,43.2,10,19.7,131.3,11.3,6,45.6,236
2020,4,6,1747.62,56.3,51.8,35.8,11.1,20.8,219.5,19,8,36,328.3
2020,4,7,1862.7,54.4,53.6,37.2,12.4,20.8,163.5,14,6,38.1,209.4
2020,4,8,1447.32,58.4,77.3,50.5,11.5,24.6,165.7,14.3,8,56.3,264.7
2020,4,9,1890,51,69,39,18.6,37.2,102.4,8.9,4,52.2,266.4
2020,4,10,2707.74,43.4,48.8,25,25,43.3,122.1,10.6,5,69.9,284.7
2020,4,11,2606.52,45,40.5,22,20.2,31.8,215.2,18.5,9,29.2,282.4
2020,4,12,2131.08,52.2,54.8,35.4,16.8,25.3,129.9,11.3,7,37.2,174.8
2020,4,13,1768.62,61.5,83.8,56,24,40.5,28.2,2.3,2,69,188.5
2020,4,14,1916.88,50.5,46.9,30.6,15.7,30.3,198.8,17.2,7,38.6,304.3
2020,4,15,2520.42,44.5,51.5,25.9,12.6,22.1,236.3,20.5,9,38.7,302.2
2020,4,16,2768.22,42.9,46.5,23.1,19.5,28.8,211.1,18.3,9,52.3,292.7
2020,4,17,3508.68,41,57.9,26,12.7,24.4,141.6,12.2,6,37.1,232.3
2020,4,18,3779.16,43.5,75.8,35.8,18.1,33,52.5,4.7,2,82.9,341.9
2020,4,19,2679.18,46.6,54.9,29.7,18.3,28.7,222.1,19.1,8,13.8,225.3
2020,4,20,2328.48,51.8,50.9,33.3,10.7,21.7,132.1,11.5,5,31.4,352.3
2020,4,21,2520.42,48.6,66.5,36.8,21.5,36.8,127.2,11.1,8,29.2,244.9
2020,4,22,2986.62,42.6,36.6,16.8,19.7,30.8,266.3,22.9,9,4.4,295.3
2020,4,23,3432.24,44.1,52.3,26.8,9.8,15.9,132.3,11.3,5,56.3,132.9
2020,4,24,3509.1,45.7,94.2,44.1,12.6,21,41.3,3.4,1,90.2,34.4
2020,4,25,2357.04,51.3,68.3,39.1,15.7,20.1,198.8,17.3,9,42.6,127.6
2020,4,26,3381.84,47,88.2,43.6,14.7,27.6,27.6,2.2,1,92,59.8
2020,4,27,3528.42,44.8,77.9,38,13.8,23.3,91.3,7.8,3,83.5,348.1
2020,4,28,2335.2,50.9,58.2,34.6,10.1,19.7,269.9,23.3,9,21.5,294.8
2020,4,29,2363.34,52.8,67.1,41.9,19.1,28.6,92.7,8,3,83.8,105.2
2020,4,30,2093.7,59.3,84.5,54.5,29.9,43.9,49,4.2,2,91,138.9
2020,5,1,1491.42,60.7,78.6,53.3,14.5,24.6,141.3,12.3,6,72.8,315.1
2020,5,2,1306.2,61.4,47.9,40.3,14.6,24.2,288,25,9,6.7,307.8
2020,5,3,1178.94,65.3,61,50.2,12.8,20.8,170.5,14.6,7,41.8,238.6
2020,5,4,1549.38,62.4,51.7,43.3,19.4,34.1,254.8,22,9,32.1,319.6
2020,5,5,2083.2,51.5,40.9,27.8,12.5,24.2,214,18.5,8,3.8,302.3
2020,5,6,2845.92,48.1,74,39.9,12.1,21.9,57.2,5.1,2,87.8,66.8
2020,5,7,1784.16,54,51.7,33.4,14.5,22.9,289.3,24.9,10,46.1,292.6
2020,5,8,2889.18,48.1,68.8,37.6,8.6,32.2,62.1,5.5,2,77.6,33.1
2020,5,9,3522.96,39.3,49.5,20.9,19.6,37.4,247.7,21.5,10,33.1,292.7
2020,5,10,2343.18,48.8,42.5,25.9,18,30.6,298.2,25.7,9,0.4,235.7
2020,5,11,2440.2,49.8,65.6,38.1,15.3,32.3,157.3,13.7,6,51.8,269.6
2020,5,12,2094.54,50.5,43.4,27.9,19.4,29.1,290.5,25,10,63.1,291.4
2020,5,13,2039.94,51.4,42.4,27.6,16.7,25.1,305.3,26.2,10,6.5,305.9
2020,5,14,1839.18,57.8,49.1,37.9,13.6,21.9,260.9,22.4,9,32,207.1
2020,5,15,1817.34,71.7,64.9,58.1,16.9,28.7,219.5,18.9,8,44.9,220.6
2020,5,16,1467.06,70,56.6,53.1,16.7,25.3,252,21.7,9,25,332.6
2020,5,17,1334.34,59.8,68.1,48.8,13.3,21.7,190.7,16.6,7,36.5,116.3
2020,5,18,1178.52,58.7,66.5,46.7,18.9,26.3,202.2,17.6,7,51.2,77.5
2020,5,19,1157.52,57.9,49.7,37.5,24.5,37.8,260.7,22.6,8,0.8,80.4
2020,5,20,1357.86,52.7,50.7,34.3,19.5,30.9,216.3,18.8,7,2.2,80.8
2020,5,21,1706.46,56.2,70.6,46.1,11.8,17.7,290.1,25,9,28,113
2020,5,22,1820.7,62,84.3,57,13.5,17.9,113.7,9.7,4,81,124.2
2020,5,23,1323,65.1,90.4,62.1,21,26.4,111.7,9.6,5,85.7,56.7
2020,5,24,1118.04,58.3,74.6,49.9,11,21.3,219.3,19.1,9,75.7,68.1
2020,5,25,1160.88,62.4,84.4,57.4,6.8,13.9,179.8,15.4,9,69.7,62.7
2020,5,26,1541.82,66.9,82.3,60.7,8.7,14.5,255.2,22.2,9,43.3,160.7
2020,5,27,2016.84,68.6,82.4,62.4,13.4,17.7,209,17.9,8,55.2,158.4
2020,5,28,2468.76,71.3,88.7,67.8,15.7,26.4,102.2,9,3,85.5,162.7
2020,5,29,2466.66,74.8,83.5,69.1,14.9,30.9,135,11.6,6,75.2,200.6
2020,5,30,1598.94,72.2,66.2,58.7,13.4,20.8,301.2,26.3,9,21,298.1
2020,5,31,1077.3,62.6,43.2,39.3,14.9,24,332.5,28.6,9,8.4,334.6
2020,6,1,1315.86,59.9,45.3,37.6,15.7,24.1,256.4,22.3,9,15.4,310
2020,6,2,1560.3,63.1,54.3,45.8,10.2,21.9,145.8,12.7,6,50.2,243
2020,6,3,2009.28,70.9,69.4,59.9,26.2,43.8,183.9,15.9,6,22.6,264
2020,6,4,1907.22,76,66.7,62.5,10.4,18.3,273.6,23.5,8,10.4,227.9
2020,6,5,2596.86,73,90.1,69.7,14.3,40.3,131,11.3,6,61.9,221.7
2020,6,6,2019.36,76.4,72.9,65.6,11.5,28.6,234.5,20.2,8,50.9,290.3
2020,6,7,1367.94,69.1,49.3,48.7,16.8,28.8,297.5,25.7,9,22.9,338.2
2020,6,8,1382.22,67.5,48.6,46.7,9,15.4,316.7,27.4,9,0.1,315.3
2020,6,9,1859.76,73.6,57.5,56.9,11.4,25.3,303.8,26,9,0.2,238.2
2020,6,10,2362.92,78.4,71,67.9,15.8,27.7,266.7,23.1,9,14.1,178
2020,6,11,3013.08,75.4,86.1,71,14.7,27.1,101.7,8.9,4,57.9,198.6
2020,6,12,1610.7,75.2,55.7,56.1,12.2,21.7,305.6,26.5,9,19,295
2020,6,13,1117.62,66.4,47.1,45,11.3,20.8,318,27.3,9,4.4,346.3
2020,6,14,1082.34,62.9,50.8,43.9,12.4,18.3,314.5,27.3,9,0.1,53.3
2020,6,15,1306.2,64.3,61,49.6,11.2,24.2,272.5,23.6,9,1.5,59.3
2020,6,16,1349.88,65.2,63.2,51.2,14.9,25.3,291.2,25.3,9,1.7,66.9
2020,6,17,1711.08,65.9,75.7,57.7,13.9,24.2,161.3,13.7,5,45,74.4
2020,6,18,2084.46,68.6,88.8,64.9,11.1,18.1,139.1,12,7,80.6,86.4
2020,6,19,2053.8,72.9,77.6,64.6,10.9,17.2,270.2,23.2,10,54.3,165.2
2020,6,20,2003.4,71.9,80.3,65,21.3,35.7,209,17.9,9,13.6,214.2
2020,6,21,1846.32,73.3,79.9,65.9,8.8,13.4,275.6,23.9,9,41.2,203.7
2020,6,22,2216.34,77.9,70.9,66.8,9.2,15.9,259,22.3,8,14,208.9
2020,6,23,2508.66,79.1,71.3,68.3,12.5,33.3,263.9,22.7,9,16.6,191
2020,6,24,2090.76,78,58,60.6,15.9,26.6,300.9,26.2,9,16.7,275.9
2020,6,25,2135.28,74.3,60,58.8,12.2,20.8,201,17.3,10,27.1,201.1
2020,6,26,1823.22,74.2,63.5,59.2,12.6,23.5,262.6,22.6,9,15.2,283.9
2020,6,27,2054.22,73.4,78,65.7,19.4,33.3,149.9,12.9,6,26.3,238.5
2020,6,28,2044.14,78.6,71.8,67.6,10.2,26.4,251.1,21.7,8,36.8,258.4
2020,6,29,1849.68,78.4,61.1,62.6,13.5,21.8,308.8,26.6,9,13.7,348.1
2020,6,30,2074.38,73.5,68.9,62.1,10.2,18.3,207.5,18,8,27.7,342.6
2020,7,1,2085.72,72.8,78.2,65.1,12.3,14.3,217.9,18.8,7,34.8,60.1
2020,7,2,2187.78,79.1,65.4,64.3,12.1,23,283.9,24.5,9,5.6,326.7
2020,7,3,2385.18,82.1,58.5,65,15.1,35.3,242.2,20.8,8,14.5,323.8
2020,7,4,2389.8,77.4,74.9,67.8,7.7,17.2,230,19.9,9,53.2,73.8
2020,7,5,2180.22,81.6,60.7,63.4,9.1,19.7,286.6,24.6,9,28.2,267.8
2020,7,6,2777.46,76,72.8,66.2,14.7,32.2,137.1,11.9,7,11.7,196
2020,7,7,2640.96,76.9,78.3,68.8,12.3,17.7,174.1,15,8,46.9,147.5
2020,7,8,3009.3,77.4,84.1,71.8,8.9,18.3,184.9,15.9,9,56.6,172.2
2020,7,9,2721.6,79,77.5,70.5,13.3,17.2,242.8,20.8,9,49.4,127.2
2020,7,10,3200.82,74.2,94.6,72.6,22.4,31.3,33,2.6,1,81.5,45.8
2020,7,11,2484.72,79.1,77.8,70.9,11.5,28.2,176.7,15.2,7,46,214.9
2020,7,12,1897.98,79.9,58.1,62.9,13.4,21.9,268,23.2,9,17.8,252.8
2020,7,13,2284.38,76.7,69.4,64.4,13.6,21.3,280.2,23.9,9,18,304.3
2020,7,14,2100.42,76.3,60.4,60.8,11.4,18.3,256.7,22,9,7.4,329.5
2020,7,15,2379.72,74.5,73.2,65,12.4,18.6,238,20.5,9,24.7,103.5
2020,7,16,2236.08,71.9,74.9,63.1,14.5,23.3,186.3,16,8,61,134.4
2020,7,17,2595.6,76.8,76.7,68.5,9,21.5,157.2,13.5,7,64,193.3
2020,7,18,2081.52,81.4,60.9,64.9,6.9,12.3,286.4,24.6,9,0.2,330.2
2020,7,19,2490.18,82.8,67.5,69.5,14.7,21.9,258.6,22.3,8,0.6,200.6
2020,7,20,3000.48,85.1,64.9,70.6,12.5,24.2,239,20.7,8,2,281.4
2020,7,21,2734.2,83.2,57.7,65.9,9.9,13.6,249.7,21.7,8,6.8,312.1
2020,7,22,3113.04,80.2,78.5,72,16.8,39.8,196.7,16.8,7,28.2,240.3
2020,7,23,3132.36,77.9,85.3,72.6,16.3,26.4,133.5,11.5,5,41.3,221.4
2020,7,24,2927.82,75.6,88.1,71.8,10.8,31.1,88.6,7.6,4,55.1,86.3
2020,7,25,2299.92,77.9,80.3,70.5,8,12.8,186.5,16.1,8,51.7,207.6
2020,7,26,2346.12,82.4,68.1,69,11.4,19.7,182.8,15.7,8,7.3,260.6
2020,7,27,2621.64,83.9,58,66.8,13.5,22.8,182.5,15.8,7,0.1,255
2020,7,28,2983.68,85,61.9,69.9,13.4,21.9,169.3,14.8,8,20.9,267.2
2020,7,29,2586.36,82.4,57.9,63.8,10,15.4,194.3,16.8,8,7.6,287.7
2020,7,30,2835.42,82.7,58.6,65.3,13.6,22.1,146.4,12.5,6,4.2,253
2020,7,31,2661.12,75.4,81.6,69,9.2,37.2,90,7.9,4,53.5,47
2020,8,1,1992.9,78.7,67.9,65.5,12.1,19.5,158,13.6,8,24.8,156.3
2020,8,2,2570.82,82.9,73.2,72.6,19.4,27.7,147.3,12.9,8,56.1,190.3
2020,8,3,2820.3,81.4,60.7,65.8,9.4,21.9,178.3,15.5,8,16.8,231.8
2020,8,4,1707.72,74.6,85.9,69.7,27.7,47.8,84.4,7.4,5,57,172.5
2020,8,5,2422.56,78,65.3,64.2,11.3,19.2,264.1,22.9,9,6.6,271.4
2020,8,6,1258.32,72.6,78.2,65.2,9.8,17.2,155.7,13.5,7,22,93.5
2020,8,7,2718.66,71.8,85.7,67.1,10,17,102.1,8.8,4,69.7,61.7
2020,8,8,2361.24,74.4,83.2,68.5,7.7,13.6,162.2,14.1,7,48.8,54.3
2020,8,9,2476.32,77.1,79.8,69.5,11.2,17.2,197,17.1,9,27.8,206.5
2020,8,10,2756.88,80.8,73.9,70.5,6.9,16.6,236.2,20.4,8,19.9,235.5
2020,8,11,3178.98,80.1,81,73.4,13.1,20.8,204.5,17.6,7,32.6,175.6
2020,8,12,3492.3,78.4,85.4,73.4,14.2,24.2,98.2,8.4,5,23.3,210.5
2020,8,13,3157.14,75.2,90.1,72,9.3,12.8,83.2,7.2,3,40.1,37.6
2020,8,14,2421.72,77.1,73.9,67.2,14.5,26.4,194.3,16.6,8,30.7,58.5
2020,8,15,2104.62,73.3,70.8,62.8,13.5,21,154.5,13.3,6,4.9,71.3
2020,8,16,2194.92,68.8,86.9,64.6,13.4,25.3,72,6.2,5,84.9,26.5
2020,8,17,2014.74,70.6,78.4,63,12.3,18.8,191,16.5,7,32.2,271.1
2020,8,18,2023.56,72.9,71.3,61.7,10,18.3,240.8,20.8,8,13.8,291.7
2020,8,19,2306.22,69.8,81,63.5,8.5,19.2,150.5,13,6,45.8,6.2
2020,8,20,1805.58,70.1,61.2,54.9,7.6,12.3,250.1,21.5,8,0.3,351.5
2020,8,21,2235.24,73.3,74.3,63.9,9.3,20.8,186,16.3,7,13.7,221.2
2020,8,22,2362.92,77.7,75.9,68.8,11.3,21,205.5,17.9,8,4.5,218.9
2020,8,23,2573.34,75.3,83.4,69.7,7.8,15.4,146.5,12.6,8,17.7,206.3
2020,8,24,2827.44,78.6,75.4,69.2,10.2,21.3,183.6,15.9,7,8.5,262
2020,8,25,2869.44,79.4,70.7,68.2,13.7,30.2,210.9,18.2,7,11.8,281.7
2020,8,26,2030.28,72.7,56.9,56,13.6,24.6,230.4,19.8,8,9.2,326.3
2020,8,27,2730,78.5,68.6,66.5,18.3,30.8,190.4,16.6,7,39.5,252.2
2020,8,28,2687.16,75.1,78.2,67.2,11.3,35.5,171.5,15.1,7,16.3,274.8
2020,8,29,2782.92,74.5,89.7,71.2,9.9,22.1,88.2,7.6,4,57.4,218.7
2020,8,30,1806,70.5,62.7,56.5,13.8,25.3,210.1,18,8,20.4,303
2020,8,31,2194.92,67,75.7,58.9,10.9,15.9,105.7,9.2,3,25.9,69.9
2020,9,1,2275.14,71.2,83.1,65.5,12.4,19.7,110.3,9.3,4,76.2,102.3
2020,9,2,2827.86,75.9,85.9,71.2,13.4,19.7,97.3,8.5,4,76.1,181.3
2020,9,3,2760.24,78,77.5,69.7,9.9,19.2,172.7,15,7,28.3,272.3
2020,9,4,2179.8,75.3,74.3,65.3,11.3,20.8,211.8,18.3,8,22.3,289.9
2020,9,5,1452.78,68.9,58,52.2,10.4,20.1,243.1,20.9,8,1.6,324.8
2020,9,6,1611.54,70.1,64.5,56.2,13.2,15.9,233.1,20.2,8,0.2,219
2020,9,7,1666.14,70,73,60,13.9,18.8,216.8,18.8,8,0.2,196.1
2020,9,8,2179.38,71.3,76.3,62.5,5.7,11.2,205.8,17.6,7,5.8,91.7
2020,9,9,2859.36,72.6,87.1,68.4,8.8,13.9,97.6,8.6,4,73.7,76.3
2020,9,10,3047.94,75.8,92,73.2,7.6,16.1,90.2,7.9,3,78.3,143.1
2020,9,11,2679.6,72.7,82.4,66.8,12.4,19.7,70.6,5.8,4,91.9,26.8
2020,9,12,1460.76,64.3,70.2,54.1,13.5,21.9,184.4,15.9,8,34.6,69.1
2020,9,13,1921.5,68,79.5,61.2,11,20.8,117.2,10.1,4,69.7,168.8
2020,9,14,1809.36,68.7,69.1,57.5,16.9,23,169.6,14.8,7,25,341.7
2020,9,15,1463.7,56.3,66.3,44.7,8.1,18.8,174.4,15.2,6,0.2,2.4
2020,9,16,1746.36,58.7,77.7,51.1,9,19.7,162,14,6,9,209.7
2020,9,17,2138.64,65.5,84.1,60.4,6.7,16.1,92.6,7.9,4,46.9,201.3
2020,9,18,1628.76,64,69.8,53.1,14,25.3,143.2,12.3,5,44.4,0.2
2020,9,19,1416.24,52.9,51.9,34.5,16.8,24.2,212.1,18.3,7,0,2.5
2020,9,20,1525.86,52.2,53.7,34.4,14.8,24.2,208.7,18.1,7,0.1,23
2020,9,21,2278.08,52.5,57.3,36.4,13.7,22.9,204.8,17.7,7,0,22.2
2020,9,22,1938.3,56.5,58,39.6,11.4,20.8,201.7,17.3,7,0,319.6
2020,9,23,1672.02,65.2,55.8,48.2,12.8,21.7,191,16.5,7,0,284.6
2020,9,24,2042.88,63.6,75.1,54.9,7.9,12.5,84.2,7.3,4,0.7,239
2020,9,25,1678.32,63.9,83.5,58.3,6.7,13.6,142.9,12.3,5,20.2,207.7
2020,9,26,1754.34,67.1,88.4,63.4,10.6,21.5,104.3,9.1,6,67.7,99.3
2020,9,27,1836.66,70,88.5,66.1,8.7,14.5,117.1,9.9,5,84.5,98.1
2020,9,28,2116.38,72.3,84.7,67,10.9,23,142,12.3,6,57,179.4
2020,9,29,2361.24,68.7,95.3,67.3,11.3,27.1,47,3.9,3,67.4,166.3
2020,9,30,1533.42,62.7,74.6,53.6,14.8,30,174.7,15.1,8,52.1,250.2
2020,10,1,1601.04,61.3,73.1,51.9,8.1,17.4,114.7,10,6,41.5,252.9
2020,10,2,1572.06,57.6,75.8,49.1,10.1,21,116.4,10.1,6,52.1,272.9
2020,10,3,1785,54.1,71.3,44,7.9,16.6,176,15.1,7,0.2,298.7
2020,10,4,1865.64,54.9,75.1,46.5,10.5,26.4,113.8,10,5,15.9,54.2
2020,10,5,1713.6,57.8,75.1,49.2,6.9,14.3,105.7,9,4,35.9,346.1
2020,10,6,1661.94,57,76.3,48.6,11.3,23,137.9,12,6,16.2,224.5
2020,10,7,1607.76,64.6,66.5,51.3,16.1,31.1,139.8,11.9,6,25.8,248.1
2020,10,8,1509.06,57.6,54.8,41,13.8,28,156.7,13.7,7,10.2,303.3
2020,10,9,1696.38,55.7,65.1,42.8,12.5,19.7,152.1,13.2,6,3.3,246.7
2020,10,10,1496.46,62.3,78.8,55.4,12.6,23.7,93.1,8,4,0.4,214.9
2020,10,11,1645.98,62.1,84.4,57,9,21.7,39.5,3.4,2,67.7,71.6
2020,10,12,2245.74,53.6,95.4,52.4,20.1,28.8,25.1,2.2,1,100,61
2020,10,13,1960.98,57.4,91.1,54.7,15.6,26.4,65.4,5.6,2,88.2,5.1
2020,10,14,1922.76,56.9,69,45.6,10.3,18.3,144.4,12.3,6,0,257
2020,10,15,1856.4,61,76.6,52.5,18,28.7,132.1,11.5,6,4.3,188.1
2020,10,16,2278.92,55.5,92.4,53.3,10.3,20.8,16.9,1.5,1,87.1,330.7
2020,10,17,2435.16,49.5,65.2,36.9,13.7,24,139.1,12,6,17.7,325
2020,10,18,2473.38,49.1,75.4,40.7,15.4,20.7,122.3,10.6,5,17.3,122.8
2020,10,19,2136.54,56.4,83.9,51.1,9.8,14.3,92.1,8.1,4,26.8,127.8
2020,10,20,1817.76,61,90.5,58,5.9,16.1,68.2,5.9,4,59.7,161.3
2020,10,21,1908.48,63.5,95.8,62.2,6.3,18.6,63.8,5.5,3,83.8,157.3
2020,10,22,1968.12,64.6,95.7,63.3,5.6,11,49.4,4.5,2,85.4,96.2
2020,10,23,1808.52,63.9,92.6,61.6,8.8,12.8,61.2,5.5,3,90.2,135.7
2020,10,24,1794.66,61.8,80.1,55.2,13.4,21.9,44.3,3.8,2,77.2,292.1
2020,10,25,2997.54,46,73.3,37.6,10.3,20.1,56.3,4.9,3,75.4,23.9
2020,10,26,2385.18,55.4,97.8,54.8,9.8,22.4,30.8,2.8,2,100,36.7
2020,10,27,1888.74,56.5,82.5,50.8,8.2,15.2,85.3,7.2,4,73.3,321.8
2020,10,28,2365.44,54.5,90,51.6,6.9,18.3,22.9,1.8,1,99.7,330.9
2020,10,29,3171.42,51.1,95.2,49.8,17.2,30.3,12.7,1,1,94.9,45.7
2020,10,30,4434.78,43.2,85.1,38.9,13.9,27.5,49.6,4.4,3,83.4,6.7
2020,10,31,5099.22,37.8,68.5,27.8,7.8,16.1,121.9,10.6,5,3.6,346.1
2020,11,1,4140.78,46.2,80.9,40.4,16.9,33.8,24.7,2.3,2,87.3,216.8
2020,11,2,5021.1,40.3,49.2,22,22.1,38.1,118.7,10.1,5,16.1,284.7
2020,11,3,4096.26,45.9,49.2,27.4,17.2,29.7,100.4,8.7,4,8.9,259.9
2020,11,4,3297,48.7,68.1,37.4,11.5,17.7,108.7,9.5,5,0,199.4
2020,11,5,2525.88,52.7,76.3,44,12.6,21.3,97.2,8.3,5,19.9,206
2020,11,6,2063.04,55.2,75.2,46.3,10.4,23,93.5,8.1,5,0.2,219.6
2020,11,7,1885.8,58.7,61.7,43.8,7.2,12.5,102.4,8.7,5,0,275.4
2020,11,8,1944.18,58.1,63,43.4,4.7,10.1,99.1,8.7,5,0,290.9
2020,11,9,1971.9,58.5,77.3,50.6,7.9,13.6,95.9,8.3,4,0,220.5
2020,11,10,1966.44,60.3,84.5,54.9,15.7,21.9,91,7.9,4,35.7,204
2020,11,11,1862.7,64.2,96.7,63.2,18.7,27.1,21.2,1.8,1,86.7,196.2
2020,11,12,2592.24,55.2,90.9,52.5,18.9,29.9,13.5,1.2,1,99.8,350.9
2020,11,13,3214.68,46.8,89.4,43.8,10.3,16.3,28.6,2.5,2,66.8,342.8
2020,11,14,3630.48,45,64.6,33.4,10.4,20.4,89.4,7.9,5,4.7,301.4
2020,11,15,3250.8,48.4,74.8,40.5,23.6,41.1,46.2,4,3,61.1,168.8
2020,11,16,3489.36,48.8,47.1,29.3,17.9,28,87.8,7.6,4,9.7,271.8
2020,11,17,4899.72,39.7,57.4,25.6,20.7,27.1,44.9,3.9,3,52.2,312.2
2020,11,18,6318.48,32.6,49.1,15.4,16.2,29.7,88,7.6,4,15.4,322.2
2020,11,19,5783.82,35.4,64.5,24,15.6,21.9,79.1,6.6,4,1.1,201
2020,11,20,3536.82,49.4,58.7,34.8,10.4,21.5,80,6.9,4,0.3,213
2020,11,21,2905.98,53,58.4,38.5,10.2,17,61.9,5.4,3,54.6,327
2020,11,22,3524.64,48.6,71.3,39.4,13.3,19.5,27.6,2.3,1,99.7,61.6
2020,11,23,3126.48,51.2,70.9,41.1,17.4,34.2,59.2,5.2,4,82.7,305.6
2020,11,24,4541.88,41.6,58.4,27.8,15.6,21.7,76.1,6.6,4,16.6,306.3
2020,11,25,3709.44,46.2,68.2,36.1,13.8,25.1,42.8,3.7,2,42,187.2
2020,11,26,2158.8,57.1,81.8,51.3,12.8,32.9,47,3.9,3,60.5,218.2
2020,11,27,2835,51.4,75.3,43.5,7.9,13,50,4.1,2,56.8,288.7
2020,11,28,3399.9,47.7,68.3,37.1,11.5,22.4,51.6,4.4,2,52.6,295.4
2020,11,29,4194.54,42.1,61.6,28.5,9.1,15.2,73.1,6.3,4,0.2,226.2
2020,11,30,2905.98,55.2,89.6,52.2,19.7,36,10.5,0.9,1,78.8,146.2
2020,12,1,4076.52,44.2,72.9,35.8,16.2,27.7,31,2.8,1,69.5,241.5
2020,12,2,5425.98,37.4,61.7,25.3,17.5,29.9,40.5,3.4,2,43.1,250.4
2020,12,3,5252.52,39.4,53.6,23,10.2,21,63.8,5.6,3,5.6,238
2020,12,4,4600.26,43,79.6,36.8,9,21.5,17.5,1.6,1,83.1,215.8
2020,12,5,4826.64,42.2,79,35.6,18,33.3,31.3,2.7,2,93.4,332.8
2020,12,6,5732.58,35.8,57.6,22.1,17,31.9,60.4,5.2,4,17.8,309.5
2020,12,7,6257.16,31.5,61.6,19.6,9.2,17.9,64.5,5.4,3,2.1,297.3
2020,12,8,6348.72,32.9,58.7,19.7,14.7,24,44.8,3.9,3,48.2,327.2
2020,12,9,6445.32,32.5,75.2,25.3,10.1,25.1,32.1,2.7,2,49.6,247.1
2020,12,10,5115.6,39.8,68.9,30,16.8,22.9,62.2,5.3,3,20.6,288.9
2020,12,11,4662,40.7,79,34.2,12.7,20.8,60.4,5.2,3,0,211.1
2020,12,12,3887.1,46.5,91.1,44,7.1,19.5,30.4,2.7,2,47.8,130
2020,12,13,3205.02,49.9,75.5,41.9,12.5,21.9,59.8,5.2,3,12.9,264.5
2020,12,14,5719.14,38,84.7,33.6,11.1,23,11.5,0.9,0,68.9,326.6
2020,12,15,6654.48,32.3,56,18.1,12.4,20.8,62.4,5.4,3,3.7,331.2
2020,12,16,7730.94,26.8,70,17.8,23.9,34.1,22.4,1.9,1,54.5,45.5
2020,12,17,7520.94,28.8,76.1,21.9,23.2,32,59.7,5.2,3,71.9,1.8
2020,12,18,7615.44,27.3,68.1,18,10.3,15,63,5.5,3,41.4,331.2
2020,12,19,8028.3,23.5,66.7,13.6,4.7,10.3,52.7,4.6,3,0.8,318.1
2020,12,20,7026.18,30.6,82.7,25.9,5.7,19,24.5,2.1,2,82.4,127.5
2020,12,21,5782.56,35.8,91,33.3,6.7,11,56,4.9,3,83.4,270.6
2020,12,22,5359.62,39,78.6,32.3,14,27.3,51.3,4.3,3,90.1,279.3
2020,12,23,5594.4,36.7,65.7,26.1,8.9,17.2,56.8,4.9,3,5.4,188.7
2020,12,24,3596.46,51.3,84.2,46.6,24.6,34.7,34.2,3,2,79.9,150.9
2020,12,25,4349.94,45.2,84.3,40.7,30.4,48.9,12.3,1.2,1,98.8,205.4
2020,12,26,6900.6,25.5,55.7,11.8,14.9,26.8,60.5,5.2,4,27.1,260.2
2020,12,27,6603.66,27.9,64.3,17.1,8.3,15.7,62.3,5.4,4,0,271.7
2020,12,28,5288.64,38.5,72.5,30.1,12.5,23,54.2,4.7,3,39.4,206.7
2020,12,29,6242.04,34.6,49.4,17,15.2,28,53.5,4.7,3,26.1,313.6
2020,12,30,6588.12,32.3,62.7,20.7,15.7,24.9,49.4,4.4,3,25.9,192.1
2020,12,31,5190.36,42.4,79.3,36.3,17.3,28.9,17.5,1.3,1,80.5,276.8
2021,1,1,6618.36,32.9,80.4,27.4,10.9,17.9,27.6,2.5,1,42,31.2
2021,1,2,4928.28,41.9,80.4,35.8,16.5,32.1,84.2,7.2,4,60,309.9
2021,1,3,6322.26,34.6,89.5,31.7,16.5,20.4,17.3,1.4,2,71.2,33.8
2021,1,4,5622.96,37.5,85.9,33.5,8.9,15.9,39.1,3.5,2,99.2,343.8
2021,1,5,5751.06,37.4,79.6,31.6,5.9,11.6,28.5,2.3,2,100,348.9
2021,1,6,5981.64,37,66.5,26.7,18,30.6,68.1,5.9,4,45.5,322.8
2021,1,7,6219.36,35.1,60.8,22.5,15.7,23,62.9,5.4,4,0,330.2
2021,1,8,7126.56,29.8,68.9,20.7,7.3,15.2,42.5,3.7,2,0.3,332.1
2021,1,9,7046.34,32.3,48.1,14.3,14.8,27.7,57.2,5,3,48,341.4
2021,1,10,6321.42,33.9,54.4,18.7,11.2,17.9,114.2,9.7,3,0,329
2021,1,11,7128.24,29.4,71.6,21.1,6.5,9.6,44.7,3.8,2,9.7,307.8
2021,1,12,6561.66,31.9,70.3,22.5,8,13,52.9,4.6,4,2.3,288.6
2021,1,13,6016.5,34.8,67.1,24.8,12.5,20.8,58.1,5.1,3,42.9,275.9
2021,1,14,5563.32,37.3,72.2,28.6,5.3,8.5,59.4,5.2,3,30.6,342.4
2021,1,15,5243.28,40.4,88.5,37.2,15.7,28.6,38.7,3.5,2,61.6,70.3
2021,1,16,4546.5,42.1,82.2,36.7,13.8,22.1,42.4,3.5,2,72.1,291.2
2021,1,17,5627.58,38.6,60.3,25.8,16.1,31.1,61.8,5.5,3,50.2,254.5
2021,1,18,5351.22,39,60.8,26.4,14.8,26.9,67.8,6,3,39.2,267.4
2021,1,19,5935.02,35,60.1,22.2,16.1,26.4,61,5.3,3,41.7,258.3
2021,1,20,6319.74,32.8,57.3,18.7,20.6,34,69.7,6.1,3,53.9,315
2021,1,21,6682.2,30.7,63.1,19.1,13.9,25,75.3,6.6,4,14.9,221.2
2021,1,22,5812.8,38.3,53.1,22,18.3,25.3,67.7,6,4,66.3,270.7
2021,1,23,7144.2,29.6,40.3,8.2,20.5,32,103.4,8.7,5,39.1,316
2021,1,24,7558.32,27.2,43.6,7.6,13.7,26.4,85.1,7.4,4,30.4,309.6
2021,1,25,7111.02,30,48.9,13,6.9,10.1,57.5,4.9,3,58.9,317.9
2021,1,26,6765.36,32.7,77.5,25.8,12,20.8,15.7,1.5,1,100,49.7
2021,1,27,6663.3,33.6,78.3,27.1,14.7,23.3,39.6,3.3,2,98.9,325.4
2021,1,28,7632.66,27.5,49.1,10.4,21.8,34.3,94.7,8.1,5,36.6,336.8
2021,1,29,9072.42,21.7,42.6,2.2,26.2,42.2,99.7,8.5,5,18.6,321.4
2021,1,30,9080.4,24.1,47.2,6,14.7,24.2,99.6,8.6,5,21.8,316.9
2021,1,31,9690.66,22.9,73.2,15.3,17.6,21.3,24.9,2.2,1,74.6,55.3
2021,2,1,9315.18,27.7,89.3,25,23.8,36.5,20.8,1.8,1,100,31.5
2021,2,2,8321.04,31.7,87,28.2,17.9,28.4,37.4,3.1,2,100,340.5
2021,2,3,8339.1,31,69.8,22.1,16.9,29.6,64.8,5.6,3,99,318.9
2021,2,4,7355.04,33.4,56,19.2,14.9,22.1,121.1,10.3,5,21.2,288.1
2021,2,5,5754.84,38.8,65.4,27.7,14.7,29.8,102.8,8.8,5,44,223.2
2021,2,6,6166.86,36.8,49.5,19.2,20.6,29.5,101,8.6,4,9.3,253.2
2021,2,7,7129.5,31.9,82,26.8,13.5,22.6,9,1,1,64.1,347.3
2021,2,8,8759.94,21.7,56.2,8.1,9.1,21.3,121,10.3,6,2.4,320
2021,2,9,8158.08,26.2,83.1,21.7,9.7,13.4,35.5,3,2,77,356.3
2021,2,10,8024.94,26.7,71.3,18,6.8,13.9,97.5,8.5,5,30.5,306.3
2021,2,11,7790.58,27.9,76.1,21,11.2,15.7,29.8,2.6,1,64.1,20.3
2021,2,12,8647.38,23.9,47.7,6.6,8.2,14.5,58,4.8,2,68.5,4.4
2021,2,13,8369.34,26.6,50.9,10.6,13.7,17.7,42.8,3.6,2,100,40.7
2021,2,14,7555.38,30,76,23.3,8.1,13.6,57.2,4.8,2,99.5,354.3
2021,2,15,7151.76,32.7,76.3,25.9,10.9,18.6,65,5.6,2,99.1,35.7
2021,2,16,5497.38,39,79.8,32.6,18.2,38,91.5,8,5,77.9,288.2
2021,2,17,7245.42,26.4,46.6,8.3,15.9,24.2,185.4,15.8,6,0.7,317.9
2021,2,18,8116.08,25.1,80.3,19.6,14.6,21.9,47.2,4,1,90.7,37.7
2021,2,19,7465.08,29.1,92.4,27.2,11.3,19.9,39.4,3.3,2,100,15.4
2021,2,20,7523.88,28.8,62.3,17.1,15.1,25.1,95,8.1,6,45.7,289.2
2021,2,21,7810.74,27,55.2,12.7,10.1,20.1,154.8,13.4,6,0,289
2021,2,22,7001.82,31.3,82.8,26.3,9.9,22.8,36.6,3.3,1,73,203.1
2021,2,23,6108.06,38.9,71.3,29.8,15.7,27.7,103.2,8.5,2,58.6,253
2021,2,24,4593.96,44.1,57.7,29.6,18.2,29.1,42.3,3,0,8.4,218.5
2021,2,25,4651.92,43.5,44.9,23.1,15.6,28.9,160.2,13.7,6,9.7,303
2021,2,26,5210.1,38.3,46.3,18.8,9,18.3,177.3,15.4,7,9.4,189
2021,2,27,4873.68,40.8,87.9,37.3,9.6,24.2,49.4,4.3,3,66.5,297
2021,2,28,5297.88,39.5,90.7,36.9,10.8,18.8,29.9,2.5,1,65.8,60.4
2021,3,1,4612.44,41.2,77.6,33.3,21,36.5,41.2,3.4,2,78.1,294.5
2021,3,2,5927.46,28.9,39.3,7,19.3,31,171.9,15.3,7,2.1,302.3
2021,3,3,4905.18,38.6,51,21,12.5,24.2,167.9,14.8,7,10.3,258.8
2021,3,4,5144.58,37.2,54,21.5,18.2,29.8,182.8,16,8,32.6,321.5
2021,3,5,5950.98,29.8,35.7,5.2,20.4,32.5,171.8,14.8,7,0,303.9
2021,3,6,5720.82,32.8,48.6,15.3,12.7,22.9,93.8,8.1,3,90.9,298.6
2021,3,7,5032.86,32.6,46.1,13.5,14.5,20.6,222.2,19.2,7,20,327.3
2021,3,8,5095.02,33.1,42.9,12.2,11.3,18.3,182.9,15.9,7,0,299.9
2021,3,9,3551.52,48.5,39.7,24.4,15.7,22.7,156.4,13.4,7,27.2,290.8
2021,3,10,3258.78,47.4,60.4,33.2,13.3,20.4,178,15.3,7,16.2,115.2
2021,3,11,2073.54,55.7,62.6,39.5,13.7,23.5,167.6,14.5,6,19.7,209.8
2021,3,12,1785,60.7,39.1,33.3,15.1,26.5,172,14.9,8,29,282.3
2021,3,13,3293.22,42.1,29.8,12.3,20.5,32.1,193.4,16.8,7,0,306.4
2021,3,14,3146.64,44.6,31.8,15.6,25.1,37.7,253.6,21,9,6.1,313.4
2021,3,15,5631.78,31.8,27.4,1,19,35.2,196.9,17,7,0,335.5
2021,3,16,6347.46,33.3,46.7,14.1,12.2,17.7,53.7,4.6,2,67.4,100.8
2021,3,17,4924.08,39.6,86.5,35.8,7.8,12.8,59.6,4.9,2,100,83.5
2021,3,18,4391.1,43.9,94.5,42.5,13.8,26.6,19.5,1.7,1,100,60.6
2021,3,19,4866.96,40.2,42.7,16.9,20.5,31,243.4,20.9,9,25.3,6.4
2021,3,20,4427.64,42.3,37.4,16.9,7.8,11.9,212.9,18.3,8,0,313.9
2021,3,21,3926.58,46.5,46.1,23.7,7.6,17.2,216.8,18.8,8,0,45.9
2021,3,22,3711.96,46.2,51.5,27.6,11.2,17.2,217.1,18.8,8,0,68.8
2021,3,23,2748.9,50.2,70.8,40.2,10.2,19.5,199.2,17.2,8,1.3,69.8
2021,3,24,2915.22,51.4,94.1,49.8,12.3,19.7,35.1,2.9,2,83.3,71.8
2021,3,25,2304.12,55.8,94.6,54.2,8.1,18.6,65.8,5.7,2,97.3,228.4
2021,3,26,1343.16,65.4,68.1,52.2,25.6,45.7,315.4,27.1,8,52,246.2
2021,3,27,1312.92,57.6,57.1,42.2,12.4,20.8,347.3,29.8,7,2.4,244.4
2021,3,28,1772.82,56.1,82.1,50.5,16,45.4,38.8,3.5,1,89.1,191.3
2021,3,29,2971.08,48,44.7,27,21.6,36.4,233.3,20.1,8,26.9,292.3
2021,3,30,3022.32,48.7,54.9,31.7,15.7,23.8,239.3,20.9,8,0,191
2021,3,31,2361.24,55.7,87.6,51.9,14.7,30,63.2,5.5,3,63.3,169.5
2021,4,1,3567.9,44.7,63.1,31.6,18.7,34.2,178,15.4,8,78.4,324.5
2021,4,2,5177.76,33.9,41.7,12,21.6,30.7,162.7,14,6,28.6,326.3
2021,4,3,4186.56,39.4,34.1,12.4,10.2,19.9,240.4,20.8,8,0.2,304.8
2021,4,4,2744.7,52.5,37.8,26.5,15.9,28.2,216.5,18.5,8,47.8,328.9
2021,4,5,1791.72,56.3,32.8,25.7,16.9,33,246.8,21.2,8,0,321.8
2021,4,6,1652.7,56.9,24.8,19,16.1,22.9,252.5,21.7,8,2.7,334.9
2021,4,7,1868.58,54.9,47.4,33.9,8.6,18.6,245.3,20.9,5,40.8,342.1
2021,4,8,1646.82,55.7,60.1,41.3,13.5,17,331.7,28.3,8,0.1,150.9
2021,4,9,2054.22,51.6,78.8,45.2,10,17.7,115.8,10.2,5,68.9,126.6
2021,4,10,1602.3,58.6,78.8,51.7,8.5,19.7,42,4.8,0,73.3,138
2021,4,11,2164.68,54.7,97.6,54.1,16.4,25.3,42,4.8,0,87.8,88.5
2021,4,12,3481.38,46.5,88.6,43.2,18.2,23.3,63.5,5.8,2,100,54.6
2021,4,13,2211.3,52.4,67.4,40.3,10.1,18.6,248.1,21.4,9,42.6,22.6
2021,4,14,2106.3,54.9,76.6,47.1,11,19.9,129.5,11.3,6,45.4,219.3
2021,4,15,2239.02,53.6,86,49.3,12.2,27.7,57.1,5,3,95.3,171.7
2021,4,16,3126.9,45.7,67.5,35.5,15,25.5,155.6,13.4,6,68.6,297
2021,4,17,2956.8,48.5,63.5,36.5,14.3,20.4,129.2,11.1,5,89.8,319.6
2021,4,18,2177.7,53.5,55.3,37.3,12.2,19.9,205.7,17.8,9,82.3,297.2
2021,4,19,2173.08,53.7,62,40.1,14,16.6,155.5,13.4,6,26.1,224.8
2021,4,20,1667.82,59,58.3,41.9,16.8,28.4,249.5,21.5,8,1.6,213.8
2021,4,21,1942.08,53,59.8,39.3,24.8,36.6,143.2,12.4,7,61.2,259.5
2021,4,22,3306.24,40.8,41.3,18.2,20.5,35.5,209.3,18.1,8,41.2,288.5
2021,4,23,2360.82,49.3,38.1,24,18.4,28.5,278.1,24.2,9,11.5,266.5
2021,4,24,1777.02,56.6,40.9,32.3,13.8,20.8,229.8,19.8,8,17,241.8
2021,4,25,1774.5,54.8,68.8,43.8,14.1,27.7,6.4,0,0,80.6,338
2021,4,26,2129.82,50.7,40.2,26.1,15.7,24.8,9,0,0,0.2,311.5
2021,4,27,1853.04,56.9,46.6,35.5,8.7,17.7,275.9,23.7,8,13,164.8
2021,4,28,1590.96,69.9,55.6,51.6,15,23.9,261.1,22.5,10,11,270.7
2021,4,29,1948.8,68.9,74.8,60.3,14.5,32.7,117,10.2,5,68.3,221.2
2021,4,30,1210.02,61,53.9,43,25.9,47.4,252.3,21.9,8,61.5,289.3
2021,5,1,1193.64,52.5,40.9,28,21.3,35.9,273.4,23.8,9,17.6,304.8
2021,5,2,1152.06,66.9,41.8,42.5,15.8,27.6,229.7,19.7,9,28.3,227.6
2021,5,3,1624.14,61.5,70.7,51.5,8.6,26.6,72.7,6.2,3,58.7,67.9
2021,5,4,1399.44,62.5,84.4,57.2,17.3,24.2,175.5,15,7,85.2,104.1
2021,5,5,1615.32,57.5,89.4,54.2,11.7,21.9,81.3,7,4,96,17.1
2021,5,6,1249.92,55.3,53.6,37.8,14.3,24.1,273.6,23.6,9,13.3,317
2021,5,7,1614.9,54.7,51.9,36.5,11,14.3,232.2,20.1,9,35.5,63.7
2021,5,8,2005.5,51,78.3,43.9,14.6,24,185.9,16,7,82.1,268.6
2021,5,9,2651.88,48.4,79.2,41.9,13.4,22.6,114,9.8,5,51.5,251
2021,5,10,2371.32,52.1,76,44.1,13.4,32,137.8,12.3,4,79.7,341.4
2021,5,11,2085.3,53.5,58.6,37.6,13.9,25.3,275.6,24,10,33.7,292.8
2021,5,12,1777.86,55.1,42.4,31.9,16.6,23.3,310.7,26.7,10,11.4,326.7
2021,5,13,1491.84,57.8,40,31.5,9.9,17.3,312.7,27,9,16.4,328.3
2021,5,14,1365,60.5,43.7,35.7,9.8,11,252.8,21.9,9,11.3,248.7
2021,5,15,1233.96,61.2,48.2,39.5,14.6,26.4,3.8,0,0,14.6,124.8
2021,5,16,1079.4,61.4,51.8,42.7,9.1,17,5,0,0,7.9,244.4
2021,5,17,1566.6,62.8,54.7,43.8,11,11.4,284.8,24.3,9,3.5,242.5
2021,5,18,1469.58,66.6,49.9,45.2,12.4,19.9,301.8,26.2,9,0.1,247.5
2021,5,19,1635.06,73.1,46,49.3,10.5,17.2,296.8,25.4,9,0.2,311.9
2021,5,20,1484.28,67.9,48.1,45.8,12.4,21.9,294,25.5,9,0.2,126.2
2021,5,21,1535.1,67.6,52.8,47.9,12.2,16.1,288,24.8,9,0.2,222
2021,5,22,1858.92,76.1,50.2,55.2,10.3,19.7,391.2,34.2,7,6.3,293.8
2021,5,23,2028.6,80,52.1,60.4,14.6,24.8,656,57.6,7,34.3,316
2021,5,24,1738.8,63.7,54.4,46.7,13.6,23.3,656,57.6,7,90.5,107.2
2021,5,25,1498.98,64.5,65.5,52.5,12.5,20.4,656,57.6,7,76.8,208.8
2021,5,26,1979.04,71.3,80.9,64.3,21.2,37.1,656,57.6,7,49,225.7
2021,5,27,1679.16,72.6,64,57.8,12.5,20.1,656,57.6,7,14.6,304.2
2021,5,28,1454.46,58,68.1,46.8,16.5,27.5,656,57.6,7,65.6,69.4
2021,5,29,1957.62,48.2,91.1,45.8,20.2,32.9,656,57.6,7,100,44.2
2021,5,30,1966.86,48,92.3,45.9,13.6,23.5,97.3,8.4,1,100,12.4
2021,5,31,1144.08,58.8,68.5,46.9,14.6,22.8,232.8,20.3,8,61.5,317.4
2021,6,1,1285.2,64.3,65.6,51.3,7.6,16.3,220.7,19.2,7,7.3,223.9
2021,6,2,1568.7,66.5,69.3,55.7,10.9,17.9,8.2,0,0,11,169.6
2021,6,3,1877.4,66.6,85.9,62.1,8.1,24.4,11,0,0,79.3,186
2021,6,4,2172.24,70.3,89.3,66.8,10.3,21.9,11,0,0,57.7,213.6
2021,6,5,1740.9,76.9,66.9,63,11.7,24.4,11,0,0,0,246.8
2021,6,6,2032.38,80.9,61,65.2,12.4,16.6,11,0,0,9,207.6
2021,6,7,2807.7,80.8,69.7,69.3,12.4,20.4,11,0,0,17.3,212.4
2021,6,8,3088.26,77,85.6,72,14.7,21.9,11,0,0,28.9,240.1
2021,6,9,2705.22,76.4,85.8,71.1,8.2,19.7,11,0,0,42.2,261.9
2021,6,10,1827.84,73.7,63.9,58.9,14.6,24.6,11,0,0,32.6,93.9
2021,6,11,1802.64,62.3,84.9,57.4,10.8,22.6,11,0,0,94.4,73.8
2021,6,12,1433.04,66.4,81.9,60.3,9.9,16.1,11,0,0,93.8,68.1
2021,6,13,1589.7,67.2,78.9,60.3,11,14.1,11,0,0,94.9,174
2021,6,14,1954.26,70.8,77.1,63,10,21,11,0,0,72.9,181.6
2021,6,15,1405.74,70.3,73.8,60.4,13.5,22.6,10.5,0,0,29.8,306.7
2021,6,16,1158.78,67.9,54,48.7,11.4,31.1,11,0,0,6.5,322.8
2021,6,17,1092.84,66.1,46,43.1,11.1,23,11,0,0,0.1,313
2021,6,18,1236.48,70,55.8,51.8,12.7,22.6,11,0,0,0.3,216.2
2021,6,19,1823.64,73.2,77.8,65.2,11,23,11,0,0,45.7,251.1
2021,6,20,1808.94,75.1,78.2,67,11.3,22.4,11,0,0,13.1,216.2
2021,6,21,2559.48,78.5,80.9,71.8,12.6,24.5,103.7,8.5,7,61.1,194.6
2021,6,22,2247.42,67.5,90.2,64.4,12.6,21.9,66.4,5.6,3,56.1,312.7
2021,6,23,1146.6,63.8,60.5,48,11.3,17.3,302.3,26.1,10,9.2,318.8
2021,6,24,1085.28,65.2,61.5,50,12.6,19.9,342.5,29.6,10,3.5,111.7
2021,6,25,1256.64,67.5,67,54.6,10.2,17.2,324.5,28.1,9,2.2,221.1
2021,6,26,1914.36,75.6,83.4,69.8,16.7,29.8,187.2,16.2,9,65.9,185.4
2021,6,27,2129.82,79.6,77.5,71.3,13.8,27.5,235.7,20.2,10,45.8,204.3
2021,6,28,2617.86,82,72.2,71.6,13.5,22.1,297.1,25.7,10,17.6,210.6
2021,6,29,2932.44,83.8,67.3,71.2,12.7,23,324.5,28.1,10,5,227.9
2021,6,30,3357.9,84.9,67.3,71.8,11.5,22.6,330.6,28.6,10,9,237.8
2021,7,1,2819.88,75.4,86.9,70.9,9.8,22.6,158.5,13.8,6,48.3,293.5
2021,7,2,2160.9,72,88.8,68.2,10.7,18.3,154.1,13.3,6,80.2,233.9
2021,7,3,1525.44,64.9,86.6,60.6,10.8,19.7,157,13.6,7,96.5,32
2021,7,4,1485.54,69.7,77.1,61.4,8.9,17.9,286.5,24.6,10,57.3,272
2021,7,5,1505.7,75.1,71,63.8,10.2,20.8,306.7,26.5,8,7.8,209.8
2021,7,6,2551.08,79.4,72.9,69.3,13.7,34.4,285.4,24.5,9,16.8,213
2021,7,7,2956.38,81.3,74.8,71.3,10.9,23,288.7,24.9,9,11.8,225.5
2021,7,8,3095.82,79.8,77.6,71.8,16.5,31.1,202.7,17.4,8,30.8,194
2021,7,9,2525.46,77.4,80.4,70.2,13.7,34.4,266.6,23.2,9,57,315.7
2021,7,10,2058,75.3,77.5,67.3,7.8,16.3,238.5,20.5,7,38.1,342.2
2021,7,11,2256.24,76.1,83.3,70.3,13.7,20.4,176.5,15.4,8,60.2,153.8
2021,7,12,3066.42,77.2,88.6,73.3,10.9,27.7,179.7,15.5,10,74.7,193.1
2021,7,13,2659.44,72.4,95.7,71.1,13.9,20.1,106.9,9.2,4,99.8,75.4
2021,7,14,2583,77.6,81.8,70.9,10.2,21.7,244.8,21.1,10,58.4,315.3
2021,7,15,2700.6,80.5,73.3,70.5,8.1,14.8,239.9,20.6,8,17.1,241.7
2021,7,16,2510.34,82.7,70.9,71.2,10.2,18.8,277.7,24.2,9,15.8,241.9
2021,7,17,2259.18,80.5,79.2,72.8,15.7,34.4,309.2,26.7,6,31.9,188.1
2021,7,18,2006.34,74.1,83.3,68.4,13.7,24.2,195.9,16.8,9,93.9,245.2
2021,7,19,2223.9,76.2,65.1,63.1,13.4,21.7,207.2,17.8,7,39.2,311.6
2021,7,20,2518.32,77.2,74.3,68,6,14.3,204.2,17.6,6,16.9,293
2021,7,21,2338.14,74.9,77.1,67,11.1,21.7,199.8,17.2,7,12.1,344.9
2021,7,22,1666.56,71.3,64.7,57.9,9,16.3,228.8,19.7,7,8.5,321.1
2021,7,23,1501.08,72.1,60.3,56.5,8.9,15.7,264.9,22.7,9,11.8,335.3
2021,7,24,1717.8,72.8,67.7,60.5,13.4,17,229.6,19.9,8,6.3,174.6
2021,7,25,2074.8,75.9,79.1,68.8,11.2,30.4,158.7,13.7,6,68.3,195.8
2021,7,26,2501.94,79.4,70,67.1,8.1,14.3,257.8,22.3,9,3.7,326
2021,7,27,2430.96,78.8,64.7,64.5,8.2,19,276.9,23.8,9,6.4,276.3
2021,7,28,2109.66,74.9,67.6,62.8,10.1,19,244.5,21,8,11.9,5.5
2021,7,29,2638.86,71.4,90.8,68.5,11.2,44.5,78.4,6.8,2,69.2,163.7
2021,7,30,1593.48,74.8,70.4,63.1,13.5,24.4,445.3,38.7,9,12.6,319.3
2021,7,31,1111.74,66.8,61.9,52.4,8.8,16.6,770,67.2,8,0.3,304.1
2021,8,1,1737.12,66.6,86.7,62.5,6.9,17.2,770,67.2,8,61.2,246.4
2021,8,2,1427.58,69,71.2,57.9,12.6,24,770,67.2,8,18.6,323.9
2021,8,3,1674.96,68.3,66.4,55.9,5.3,36.7,770,67.2,8,3,8.7
2021,8,4,1868.58,68.7,77.3,60.8,7.9,18.1,770,67.2,8,30.9,71.7
2021,8,5,1634.64,72,71.1,60.6,11,17.4,770,67.2,8,7.8,347.1
2021,8,6,1954.68,76.6,68.3,64,10.1,16.6,770,67.2,8,10.7,215.1
2021,8,7,1902.18,75.7,70.1,64.5,12.6,21.7,770,67.2,8,13.7,185.6
2021,8,8,1676.64,71.5,81.3,65,13.4,21.3,770,67.2,8,59.2,58.7
2021,8,9,2203.74,75.6,75.8,67,12.1,14.1,770,67.2,8,45.6,32.2
2021,8,10,2655.66,75.9,89.3,72.2,17.4,34.4,770,67.2,8,76.5,168.4
2021,8,11,2661.12,78.8,84.8,73.1,21.7,36.9,770,67.2,8,36.4,222
2021,8,12,2819.46,81.6,76,72.1,13.8,25,770,67.2,8,4.5,226.9
2021,8,13,2581.74,83.8,64.7,69.8,7.9,17,572.6,50,8,3.6,250.6
2021,8,14,2368.8,80.1,71.1,69.6,13.1,23.5,204.3,17.7,7,7.1,304
2021,8,15,1503.18,75,54.1,56.6,8.7,15.7,258.3,22.4,8,32.8,11.2
2021,8,16,2544.78,73.8,76.1,65.7,11.9,17.7,89.3,7.7,3,94.5,108.5
2021,8,17,2631.72,76.1,77.6,68.4,12.4,18.1,115.7,10,5,84.9,153.1
2021,8,18,2850.12,79,81.7,72.5,19.7,26.4,147.6,12.6,6,81.1,145
2021,8,19,2942.1,79.7,79.3,72.3,15.8,26.4,206.6,17.9,6,73.8,227.4
2021,8,20,2533.86,76.1,82.5,70.2,6.8,9.8,274,24,3,44.5,310.3
2021,8,21,2248.68,75,88.1,71.1,9.8,15.7,113.1,9.7,4,55.4,71.4
2021,8,22,2315.46,73.2,93.7,71.2,18.6,26.4,53.7,4.5,3,80.7,323.6
2021,8,23,2653.56,76.2,88.8,72.4,12.6,25.9,264.4,22.8,6,66.3,241.6
2021,8,24,2391.06,80.2,73.3,69.8,15.3,15.9,447,38.6,6,1.9,288.1
2021,8,25,2538.9,79.9,72.3,69.1,6.7,10.1,232.2,20.1,8,4.1,227.5
2021,8,26,2882.04,80.2,76.5,71.5,9,18.3,451.6,39.4,8,17,221.9
2021,8,27,2815.68,80.2,82.6,73.7,8.1,19.7,824,72,8,14.7,230.7
2021,8,28,2392.32,71.3,89.8,68.1,17.6,25.3,824,72,8,77.1,60.4
2021,8,29,1981.98,71,84.9,66.1,7.8,17,824,72,8,95.5,62.3
2021,8,30,2757.72,78.2,83.2,72.1,9,19.5,824,72,8,61.9,238.8
2021,8,31,2397.36,77,76.1,68.1,7.9,13.6,824,72,8,24.9,312.5
2021,9,1,2398.2,70.3,94.2,68.5,20.8,37.9,824,72,8,87.1,43.3
2021,9,2,1097.88,67.5,66.3,54.7,16.9,29.9,269.1,23.4,8,25.7,342.5
2021,9,3,1221.36,63.8,73.1,54.3,9.3,19.6,159.2,13.6,7,31,319.6
2021,9,4,1135.68,65.9,73.6,56.2,5.8,11.6,223.5,19.3,8,4,291.8
2021,9,5,1725.78,67.4,89.7,64.1,9.2,21.7,67.6,5.9,3,67.7,199.3
2021,9,6,1394.82,73.5,71.7,62,12.6,22.8,217,18.8,8,42,282.8
2021,9,7,1555.26,70.3,66.9,57.6,7.8,17.7,228.8,19.7,8,6.1,267.7
2021,9,8,2248.26,74.1,77.9,66.3,16.9,30.4,114.2,9.7,5,43.3,180.7
2021,9,9,2248.26,68.5,94.3,66.7,8.9,19,46.9,4,2,58.1,295.3
2021,9,10,1182.72,65.7,68.1,53.6,17,26.2,204.1,17.7,8,8.8,321.4
2021,9,11,1199.1,64.8,71.6,54,11.3,21,241.7,20.7,8,3.7,237.7
2021,9,12,1601.88,71.5,74.4,62.4,13.7,24.2,208.3,18,7,1.2,221
2021,9,13,2295.72,76.6,74.9,67.6,9.3,20.6,170.5,14.6,7,11.6,266.6
2021,9,14,2285.22,73.7,82.7,67.7,9.9,17,149.2,13,6,16.7,161.2
2021,9,15,2521.26,76.9,78.5,68.8,15,26.6,180,15.5,7,26.4,197.9
2021,9,16,2356.2,72.3,81.3,66.1,15.4,24.2,103.5,9,4,64.8,60
2021,9,17,2326.8,71.2,94.8,69.6,11.3,23.7,54,4.7,2,94.5,51.1
2021,9,18,1687.14,74.5,79.8,67,9.8,15,173.6,15.1,7,47.2,332.9
2021,9,19,1236.48,68.9,63.4,54.7,15,18.6,199.6,17.2,7,3.2,8.3
2021,9,20,1549.38,64.1,76.5,55.8,11,21.9,174.8,15.2,7,12.6,124.2
2021,9,21,1807.26,66.9,81.6,60.6,9.6,16.8,123.7,10.5,5,55,93.2
2021,9,22,2316.72,74.7,85.6,69.7,16.7,28,143.8,12.5,7,77.3,148.9
2021,9,23,2412.48,71.9,88.1,68,20.3,39.8,67.9,6,3,92,152.9
2021,9,24,1106.7,62.9,74.6,53.4,9,17.4,189.5,16.3,7,22.9,292.8
2021,9,25,1161.3,62.3,74.7,52.7,5.8,9.4,168.8,14.6,7,3.4,282
2021,9,26,1046.22,62.8,66.2,50.1,13,22.9,223.4,19.3,8,6.4,293.7
2021,9,27,1346.1,66,59.3,50.1,18.1,29.5,211.9,18.5,7,8.9,222.5
2021,9,28,2010.96,65.4,83.4,60.2,7.9,27.5,65.5,5.6,5,42.6,252.3
2021,9,29,1338.96,59.9,61.2,46,13.4,20.8,197,17,8,37,335.2
2021,9,30,1476.3,59.7,66.2,47.8,10.3,20.8,133,11.4,7,63.9,333
2021,10,1,1737.12,56.1,70.4,45.5,9.1,24.2,156.7,13.7,8,12.5,322.1
2021,10,2,1530.06,60.7,76.2,52.1,11.4,20.1,149.6,12.9,7,0,251.7
2021,10,3,1362.48,66.3,84.7,60.9,8,14.1,137.4,11.7,6,35.4,207.1
2021,10,4,2114.7,70,91.8,67.4,8.9,19.9,89.5,7.7,5,78.8,60.3
2021,10,5,1921.92,62.6,95.1,61.2,10,18.3,44.8,3.8,2,100,54.2
2021,10,6,1911,64.5,88.5,61,4.6,12.3,56.8,5,2,100,74.9
2021,10,7,1700.58,67.3,83.6,61.8,8.6,7.8,110.1,9.4,5,74.2,274.5
2021,10,8,1455.3,66.4,83.1,60.5,6.6,11.6,117.6,10.1,7,35.8,96.7
2021,10,9,1447.74,63.9,86.6,59.7,14.5,27.3,54.8,4.7,3,84.5,66.6
2021,10,10,1474.62,62.6,97.1,61.8,14.6,24.4,42.8,3.6,2,95.6,40.8
2021,10,11,1324.68,64,86.2,59.6,12.5,27.7,81.9,7,4,73.4,32.4
2021,10,12,1908.48,62.8,90.1,59.7,7.8,15,51.6,4.6,2,87.4,42.8
2021,10,13,1886.22,65,91.8,62.5,5.3,12.8,48.3,4.1,2,87.1,291.7
2021,10,14,1535.94,66.9,81.7,60.3,13.7,17.2,129.6,11,6,21.6,325.9
2021,10,15,1477.14,68,79.3,60.7,8.9,13.4,121.2,10.5,5,2.5,209.4
2021,10,16,1436.82,67.1,83.3,61.5,18.5,31.6,109.4,9.5,6,46.9,203.7
2021,10,17,1544.34,54.7,70.8,44.9,14.2,35.7,92,7.9,4,23.8,283.7
2021,10,18,2308.32,51.2,66.1,39.5,17,27.6,115.3,9.9,6,44.6,293.9
2021,10,19,2150.4,54.7,59.6,39.9,12.8,25.1,115.9,10.1,6,0,267.5
2021,10,20,1484.7,63.4,58.7,48,11.4,20.8,24.4,1.6,0,1.2,269.1
2021,10,21,1300.74,62.2,68.1,50.4,11.3,19.7,37,2.4,0,5.9,204.8
2021,10,22,1234.8,60.7,71.8,51.2,9.1,21.7,37,2.4,0,22.5,268.3
2021,10,23,1827.84,52.7,85,48.1,6.8,14.3,21.3,1.8,0,70.3,312.9
2021,10,24,2399.46,50.6,81.9,44.9,7.7,14.1,26,2.4,0,50,191.5
2021,10,25,1702.68,63.5,85.2,58.5,12.4,29.8,94.1,8.3,5,52.2,185.7
2021,10,26,1651.44,57.5,91.8,55,19.3,32.4,66.4,5.7,4,97.5,313.8
2021,10,27,1958.04,58,78.7,51.1,13.7,26.4,31,2.8,1,92.4,353.8
2021,10,28,2110.08,53.5,78.8,46.7,9.7,18.8,100.5,8.7,5,41,49.2
2021,10,29,2231.46,53.4,84.9,48.7,25.5,38.5,46.3,3.8,2,94.8,79.9
2021,10,30,1412.04,60.2,86,55.7,16.2,27.8,72.9,6.2,5,82.9,134.8
2021,10,31,1685.88,56.9,84.5,51.9,11.4,26.4,75.2,6.4,3,59.6,267.4
2021,11,1,2562.84,52.6,64.3,39.7,13.7,22.8,326,28,6,9,273.3
2021,11,2,3518.76,45.7,77.2,38.7,10.2,18.6,642,55.2,6,72.3,263.3
2021,11,3,3962.7,42.2,71.1,32.2,13.8,20.8,178.9,15.3,5,2.3,306.5
2021,11,4,5042.1,39.8,68.2,28.8,6.9,11.6,138.5,11.8,5,4.3,344.9
2021,11,5,4803.96,40.4,65.5,28.4,12.4,18.3,128.3,11,5,0.1,346.5
2021,11,6,4711.56,40.6,68.7,29.9,6.9,13.4,88.8,7.7,5,0,25.9
2021,11,7,4567.5,41.7,69,31,8.1,13.4,68.8,6.3,4,0.5,337.7
2021,11,8,3438.12,50.9,61.2,37.3,11.3,18.3,86.2,7.3,4,0,341.8
2021,11,9,2792.58,55.4,63.5,42,9.2,14.5,123.7,10.6,5,0,277.5
2021,11,10,2423.4,54.3,63.1,40.9,13.8,20.8,85.1,7.3,4,8.7,328.9
2021,11,11,2281.02,51.9,67,40.9,12.1,19.7,3.5,0,0,28.8,93
2021,11,12,1947.96,58.2,79.8,51.2,15.2,29.9,5,0,0,55.6,193.2
2021,11,13,3577.98,44.1,80.8,38.2,21.7,32.7,51.3,4.3,3,17.8,252.9
2021,11,14,4581.78,39.4,72.4,30.9,10.9,20.6,50.4,4.3,2,29.9,213.6
2021,11,15,5331.9,41,72.5,32.1,15,24.5,34.5,3,1,64.3,275.6
2021,11,16,5259.24,39.6,59.7,26.2,16.6,23.8,74.3,6.4,4,2.2,285.2
2021,11,17,4361.7,44,79.9,37.6,11.4,19.7,71.2,6.1,3,14.1,153.5
2021,11,18,2623.32,55.1,76.6,46.7,15.8,31.7,67.2,5.7,4,33.1,230.8
2021,11,19,4900.98,42.1,51.1,24.8,19,29,73.3,6.5,5,34.3,294.7
2021,11,20,5097.54,37.6,71,28.5,9.5,13.4,62.2,5.5,3,1.8,216.1
2021,11,21,4273.5,44,79.5,37.5,11,22.1,45.8,4,3,65.9,196.8
2021,11,22,4341.96,44.9,75.9,37.1,12.6,22.8,37.7,3.3,1,45.4,302.8
2021,11,23,6461.7,34.5,53.3,18.8,18.1,28.9,100.8,8.5,5,12.2,324.3
2021,11,24,6046.32,36.1,57.8,22,9.1,16.6,105.1,8.9,5,0.6,297
2021,11,25,4939.2,42,55.2,26,8.1,14.8,61.7,5.2,3,17.6,234.1
2021,11,26,4946.76,41.9,69.1,31.6,19.5,34.3,46.9,4.1,3,89.6,280.9
2021,11,27,6073.2,35.8,50.3,19,20.4,29,51.7,4.4,4,63.6,301.3
2021,11,28,5908.98,36.7,71,28,7.3,11.6,36.5,3.1,2,87.3,1.2
2021,11,29,6076.14,36.1,66.2,25.7,16,25.1,47,4,2,60.8,305.4
2021,11,30,6637.26,34.5,71.7,26.1,6.9,16.3,33,2.8,2,86,231.1
2021,12,1,5232.78,42.7,56.8,28,10,17.2,61.5,5.3,4,29.6,249.5
2021,12,2,3452.4,50.1,78.5,43,14.8,37.6,39.4,3.3,2,56.7,220.4
2021,12,3,4876.2,43.8,50.7,26.5,17.4,30,51.1,4.3,3,19.6,300.3
2021,12,4,5375.16,39.7,69.7,30.4,7.6,13.2,73.9,6.5,4,45.8,208.4
2021,12,5,5562.48,39.8,61.4,27.2,11.8,14.5,126.5,10.6,2,30.2,96.6
2021,12,6,3018.12,51.9,82.4,46.2,19.6,34.5,42.1,3.6,2,83.2,222.5
2021,12,7,5881.68,36.2,52.4,20.3,12.2,29,99.5,8.7,5,2.2,281.2
2021,12,8,6460.86,34.3,68,24.6,7.2,15.9,58.8,4.4,1,57,311.5
2021,12,9,6583.5,34.4,57.9,20.9,10.3,19.7,45.1,3.9,3,19.6,301.3
2021,12,10,5552.82,39.8,70.3,30.8,10,13.6,51.9,4.5,2,70.1,176.3
2021,12,11,3197.46,53.6,89.8,50.5,25.7,42.7,47.5,3.8,1,98.7,205.9
2021,12,12,5089.14,42.8,46.1,23.3,21.9,31.7,192.7,16.7,3,12.6,289.2
2021,12,13,5305.86,42.4,41,19.4,12.7,21.9,62.2,5.4,3,0,242.6
2021,12,14,5145,43.9,45.9,24.2,14.4,17.2,108.4,9.3,5,0,336.8
2021,12,15,5171.46,44.5,65.4,33.4,13.7,23,98.5,8.8,2,42.9,99.2
2021,12,16,2599.38,54.4,72.3,45,15.9,27.1,117.8,10.4,2,25.6,216.6
2021,12,17,3299.94,53,41.9,28.3,11.1,25.5,65,5.6,3,5.3,271
2021,12,18,4701.06,41.6,86,37,7.6,14.8,13.7,1.2,1,97.2,49.8
2021,12,19,5913.6,36.7,71.2,27.8,17.4,30.8,52,4.4,2,53.8,336.7
2021,12,20,7756.14,28.6,60.8,16.2,9,14.5,59.1,5,3,0,257.3
2021,12,21,7349.16,31.9,75,24.5,5.6,13,46,4.1,2,25.7,351.7
2021,12,22,6109.74,37.4,69.7,26.8,16.3,30.2,184.1,15.7,3,42.7,310.1
2021,12,23,7335.3,30.9,52.7,15.3,12.6,20.6,88.1,7.7,3,14.4,285.4
2021,12,24,6431.04,36.5,66,26,7.8,23.7,63.3,5.5,3,57,79.5
2021,12,25,4901.82,44,92.7,41.9,7.5,22.4,19.9,1.7,1,84.6,335.9
2021,12,26,4349.94,46.4,64.8,34.7,16.7,22.8,62.8,5.3,3,19.5,326.6
2021,12,27,6755.28,34.8,74.3,27.2,8.9,16.8,54.9,4.3,1,62.4,61.4
2021,12,28,5550.3,40.3,85.6,36,7.7,18.1,67.6,5.1,1,74.2,277.7
2021,12,29,4744.74,43,94.8,41.6,7.6,20.4,24.8,2.2,1,96.8,59.6
2021,12,30,3867.36,46,95.8,44.8,6.5,9.4,46.3,4,2,96.3,249.4
2021,12,31,3708.6,48.5,96.4,47.5,8.7,15.2,21.1,1.7,1,97.2,201
2022,1,1,3141.18,51.9,99.6,51.8,13.3,29.1,19.6,1.8,1,100,120
2022,1,2,3449.88,51.1,89.7,48,17.1,25.1,21,2.4,0,85.2,296.4
2022,1,3,8111.46,29.9,60,17.5,19.2,26,11.3,0.9,1,62.5,355.7
2022,1,4,8547.84,25.2,58.6,12.4,13,24.2,35.8,3.1,1,0,270.7
2022,1,5,6909,34.5,88.1,31.3,18.3,24.1,33.6,2.9,2,53.4,200.8
2022,1,6,6986.28,34.2,62.6,21.7,11.8,24.8,75.1,6.5,4,15.3,285.4
2022,1,7,8455.02,27.5,72.1,19,17,29.8,56.4,5,6,52.8,300.8
2022,1,8,9281.16,22.8,51.6,7.4,11.2,21.9,119.3,10.4,5,0.1,294.3
2022,1,9,7618.38,32.2,83.3,27.5,10.7,27.5,36.4,3.1,2,80.2,214.2
2022,1,10,8201.76,29.1,52.3,13.5,15.1,30,95.9,8.3,5,38.2,292.6
2022,1,11,9948.54,18.2,47,0.9,17,25.9,146.3,12.6,4,3.6,310.6
2022,1,12,8444.94,27,60.8,14.9,17,29.2,70.3,6,4,0,205.7
2022,1,13,7119.42,34.9,65.5,23.5,5.6,9.8,66.4,5.8,3,6.5,21.3
2022,1,14,6417.18,36.1,61.9,24,22.4,32.9,90.9,7.7,5,6.7,343.9
2022,1,15,9817.5,16.7,36.4,-5.8,16.5,32.9,66.3,5.7,3,5.2,340.1
2022,1,16,9592.38,18.7,69.9,10.2,20.5,28.3,101,8.7,3,51.8,41.9
2022,1,17,6507.9,37.2,82.3,32.1,24.7,37.3,19.6,1.7,1,99.4,220.4
2022,1,18,7665.42,32.6,55.1,18.1,18.3,33.4,46.5,4.1,3,60.6,294.2
2022,1,19,6515.04,36.3,62,23.8,17.1,27.8,111.7,9.8,5,21.4,210.7
2022,1,20,7101.78,32.4,73.8,24.3,14.6,23.9,34.3,3,2,66.5,333.5
2022,1,21,9637.74,18.1,49.6,1.9,13.7,23.3,54.3,4.8,4,3.8,7.1
2022,1,22,8992.62,19.7,47,2.2,11.2,23.3,88.8,7.5,4,0.8,353.8
2022,1,23,7765.38,27.2,59.7,14.3,9.9,14.5,129.8,11.9,2,54.2,253.1
2022,1,24,7344.96,28.6,69.9,19.2,13.5,19,127.2,11.5,2,47.9,268.1
2022,1,25,6954.36,33.7,67.4,23.7,9.2,20.8,37,3.3,2,59.3,297.2
2022,1,26,8615.46,22.5,48.8,5.6,12.7,21.9,52,4.4,2,5.1,334.6
2022,1,27,9055.2,21.1,55.8,6.6,9,17.4,96.7,8.3,5,12,225.3
2022,1,28,8200.08,28.8,79.7,23,9.3,27.5,30.3,2.7,1,97.2,27.8
2022,1,29,10343.34,19.9,72.5,11.5,19.8,30.4,43.6,3.8,2,74.9,333.7
2022,1,30,10431.12,16,51.6,0.9,14.8,27.4,106,9,5,5.6,281.5
2022,1,31,9549.54,20.9,60.2,8.9,5.7,11.9,88.8,7.6,5,15.7,34.6
2022,2,1,8484.42,26,65.1,15.7,10.8,17,139.8,12,6,0.4,33.6
2022,2,2,6426.84,33.5,91.3,31.2,6.5,10.1,75.4,6.6,4,74.1,350.7
2022,2,3,5092.08,41.1,99.6,41,7.2,19.2,23.8,2.1,1,99.6,146.2
2022,2,4,5197.5,42.6,94.7,41.2,19.9,28.5,16.2,1.4,1,99.8,272.9
2022,2,5,8237.88,24.1,58.8,11.3,19.5,36.4,135.6,11.8,6,33,319.9
2022,2,6,8220.66,23.4,59.9,11.1,10.1,14.8,136,11.7,6,9.5,107.6
2022,2,7,7335.3,32.1,95.7,31,8.9,13.2,24.3,1.9,1,100,1.9
2022,2,8,6283.62,35.3,72.9,26.6,15.8,23,121.3,10.5,6,35.8,287.3
2022,2,9,6103.86,35.6,59.9,22,11,17.2,126.1,11.1,5,0,190.3
2022,2,10,5402.46,41.9,61.5,27,19.5,34,165.6,14.1,7,36,261.8
2022,2,11,4591.44,44.2,51.4,25.7,18,29.9,127.9,11,6,15.5,195.9
2022,2,12,3400.32,50,45.5,29.5,18.8,28.9,119.3,10.2,6,17.6,269.9
2022,2,13,6515.46,31.5,84.4,26.9,12.3,20.8,16.8,1.3,1,99.8,0.6
2022,2,14,9746.52,19.8,48.6,3.3,16,27.2,146.2,12.4,6,8.1,310.6
2022,2,15,9408.84,20.3,50.4,4.1,10,17.2,21.2,1.6,0,0,291.9
2022,2,16,6904.38,33.2,64.7,22.1,12.4,22.6,121.4,10.5,6,6.8,168
2022,2,17,2970.24,54.9,73.5,46.1,24.6,36.1,109.8,9.3,5,53,200
2022,2,18,4097.52,45.6,61.2,31.9,24.8,40.2,116.7,10.1,6,50.5,261.4
2022,2,19,7289.1,28.8,53.4,13.2,24.3,37.6,96.5,8.3,5,27.5,272.2
2022,2,20,7349.16,26.6,47.5,8.6,14.5,24.6,180,15.5,7,0,232.4
2022,2,21,5386.08,39.4,59.2,24.5,7.8,15,149.8,12.8,6,0,202
2022,2,22,3664.92,49.4,88.5,46,24.3,33.4,83.8,6.7,3,75.9,184
2022,2,23,2527.98,58.1,68,46.5,17.9,29.4,97,7.2,1,26.7,267
2022,2,24,6795.6,31.6,53.1,16.3,12.1,20.8,50.5,4.2,2,67.5,29.3
2022,2,25,6497.82,34.8,81.7,29,19.6,30.1,73.3,6.3,4,88.4,332.1
2022,2,26,6904.8,30,53.5,15,12.4,20.1,184.1,15.8,8,22.2,309.3
2022,2,27,5928.72,36.5,47.5,16.7,20.5,31,169.3,14.5,7,2.1,271
2022,2,28,6611.64,32,39,9,13.3,27.7,173.6,14.9,7,19,335.7
2022,3,1,5502.84,39,59,25.7,15.6,23.7,82.2,7.1,5,72.3,191.8
2022,3,2,4142.88,44.2,55.9,27.6,10,17.2,202,17.5,7,15.4,274.3
2022,3,3,4885.44,39.9,47.5,19.7,15.9,24.9,209,18.2,8,35.4,322.7
2022,3,4,6439.86,28,42.3,7.1,12.1,21.7,207.9,17.9,7,0,278.6
2022,3,5,5521.32,36.9,56,21.7,12.5,20.8,121.2,10.4,5,17.8,157
2022,3,6,3032.82,55.1,78.4,48.4,20.3,29.7,61.4,5.4,3,65.3,219.5
2022,3,7,1699.74,65.7,66.6,53.9,25,44.4,134.4,11.5,5,24.9,224.4
2022,3,8,3701.46,42.1,46.8,22.6,18.8,33.9,185.8,15.9,7,24.8,303.2
2022,3,9,5075.7,36.4,89.5,33.4,12.5,21.9,21.2,1.7,1,86.6,42.3
2022,3,10,4415.88,39.2,75.7,31.1,8.6,15,166.3,14.4,6,21.5,152.2
2022,3,11,3687.18,42.8,68.2,31.5,14.4,24.2,194.3,16.9,7,2.5,163.9
2022,3,12,5583.48,33.4,84.2,28.8,25,40,30.5,2.7,2,88.8,315.9
2022,3,13,5848.08,25.6,52.8,10.6,15.6,30.3,195,16.3,7,37.4,266.9
2022,3,14,3739.68,42.9,53.4,26.1,12.2,21.5,197.8,17,7,24.9,226.7
2022,3,15,2610.3,52,49.9,32.1,11.2,29.1,184.7,16,7,17.2,219.7
2022,3,16,1756.44,55.9,53.4,38.3,16.4,25.3,207.3,18,7,7.1,181.5
2022,3,17,2910.6,49.3,95.6,48,12.4,14.8,37.9,3.3,1,84.7,35
2022,3,18,1914.36,58.1,81,51,11.3,21.3,168.9,14.5,7,54.4,216.3
2022,3,19,1347.78,61.9,78.1,54.3,19.4,33.2,156.8,13.5,7,58.4,192.1
2022,3,20,2307.48,52.4,64.7,40.4,15.1,29,93.6,8,4,86.6,289.6
2022,3,21,2470.86,51.9,38.5,26.1,17.1,28.3,246.7,21.2,8,3.8,295.4
2022,3,22,2572.08,50.6,34.9,21.1,13.1,20.8,231.3,20,8,21.6,333.5
2022,3,23,3795.12,42.7,51.5,24.7,14.5,32.9,26.2,1.6,0,45.4,84
2022,3,24,4099.2,43.8,98.9,43.5,18.1,29.5,39.5,2.9,1,100,51.7
2022,3,25,2803.5,49.1,74.3,39.9,13.7,24.8,169.5,14.6,8,57.6,275.2
2022,3,26,2986.62,47.1,58.1,32.9,13.5,32.2,157.4,13.6,6,80.5,263.4
2022,3,27,4430.16,37.9,53.7,21.9,18.6,35.8,136.7,12.2,4,60,287.3
2022,3,28,6800.22,26,40.2,4.9,20.1,34.2,152.2,12.9,6,45.1,307.9
2022,3,29,5925.36,30,39.8,7.9,21.6,31.3,265.5,22.9,10,31,327.5
2022,3,30,5178.18,35.1,46.2,15.5,10.1,14.5,113,9.9,5,36.4,176.1
2022,3,31,2616.6,57.7,76.4,50.2,26.8,39.5,71.7,6.1,3,90.1,195.9
2022,4,1,2123.94,51.9,63.2,38.5,20.6,39.5,143.8,12.3,8,85.7,277.6
2022,4,2,2908.92,43.9,44.1,23.2,15.8,28.5,240.1,20.6,8,28.3,305.2
2022,4,3,3512.88,43,81.7,37.6,16.2,30.2,80,6.9,6,74,298.6
2022,4,4,2910.18,44.8,55,29.1,14.7,31.8,22.4,1.6,0,33.2,301.7
2022,4,5,3188.22,46,69.6,36,15.3,19.7,104.5,9.1,4,80.4,113.6
2022,4,6,3506.58,48.8,96.4,47.8,17.7,27.7,47,4.1,2,100,53.8
2022,4,7,3668.7,48.2,98.6,47.9,16.7,32.7,20.2,1.8,1,100,96.2
2022,4,8,2383.08,52.6,63.9,38.6,12.8,27.3,21,2.4,0,38.2,259.6
2022,4,9,2856,47.9,76,40,11.4,24.4,21,2.4,0,85.4,268.6
2022,4,10,3660.72,44.9,56.5,29.8,16.1,26.5,207.9,18,4,66.3,308.6
2022,4,11,2706.06,48.8,47.8,29.3,11.4,20.7,268.3,23.5,3,11.5,253
2022,4,12,1888.32,57.4,61.2,43.3,12.6,22.8,297,26.4,3,41.3,297.6
2022,4,13,1814.82,65.4,65,52.4,12.4,20.6,401.2,34.8,8,13.4,183.7
2022,4,14,1310.4,69.4,61.8,55.1,16.1,44.7,334,28.8,3,31,232.2
2022,4,15,1089.48,57.3,43.4,32,16.7,29.5,353.3,30.5,10,7.8,236.3
2022,4,16,1165.5,59.4,47.3,37.9,18.8,33.3,206.8,17.8,8,31.2,223
2022,4,17,1820.28,44.6,58.5,29.3,19.9,31.7,254.8,22,10,44.6,330.3
2022,4,18,3973.62,41.4,62.1,28.7,22.6,40,107.4,9.3,5,41.4,79.9
2022,4,19,3829.98,43.3,69.3,32.7,19.6,33.5,152.6,13.3,7,77.7,283.5
2022,4,20,2750.58,47.1,46.5,26.7,15.8,34.4,298.7,25.9,9,1.3,283.3
2022,4,21,2337.72,51.6,57.8,36.3,16.8,25,179.9,15.8,6,31.1,197.1
2022,4,22,1485.96,58.3,49.7,36.9,12.8,22.8,281.3,24.3,9,8.1,314.9
2022,4,23,1749.3,54.9,46.4,34.5,8.8,13.2,139.4,12.1,6,72.6,97.8
2022,4,24,1494.36,55.4,59,40.4,17.3,23,270.5,23.5,8,13.2,93.3
2022,4,25,2365.44,50.8,67.8,40.1,13.2,16.8,96.9,8.3,3,74.6,89.4
2022,4,26,1917.72,57.9,78.4,51,11.2,20.1,114.3,9.9,4,98,7.3
2022,4,27,2754.78,49.5,54.3,32.9,19.7,29.7,150.9,13,7,81.4,306
2022,4,28,3205.44,45.5,35.7,17.2,22,35.9,293.5,25.4,9,36.7,326.1
2022,4,29,2749.32,49.4,23.7,12.2,19.3,27.5,325.8,28.3,10,0.1,325.3
2022,4,30,2283.54,53,30.3,20.6,13.4,19.7,328,28.4,10,0.1,331
2022,5,1,1971.06,54.6,55.5,36.6,8.9,17.4,261.5,22.6,9,21.7,198.5
2022,5,2,1987.86,55.8,87.9,52,8.7,15.7,85.2,7.4,5,83.9,47
2022,5,3,1594.32,56.7,80.6,50.4,13.4,20.1,241.9,21,8,49.4,95.4
2022,5,4,2105.04,54.9,91.8,52.4,9.8,17.2,110.8,9.6,5,92.7,82
2022,5,5,1370.88,62.4,67,50,10.8,21.3,258.4,22.4,9,50.3,340.4
2022,5,6,2605.68,53.9,87.9,50.2,12.3,28,57.5,5.1,2,80.2,93.4
2022,5,7,3689.7,47.6,94.1,45.9,24.3,41.2,22.5,2.5,0,100,56
2022,5,8,3138.66,49.3,60,34.6,24.2,35.6,143.5,12.4,5,88.6,43
2022,5,9,1863.96,56.9,29,24,20.3,34.9,304.9,26.3,9,14.2,43.9
2022,5,10,1174.74,59.6,26.6,24.6,21.6,30.8,293.7,25.4,9,23.9,57
2022,5,11,1510.32,60.9,48.1,40.6,16.2,28.4,167.5,14.5,5,42,43.5
2022,5,12,1527.54,63.5,79.1,56.6,12.6,21.9,218.7,19,9,57,74.6
2022,5,13,1642.2,63,96.1,61.8,12.4,21.9,115.4,10,4,100,67.4
2022,5,14,1648.92,63.9,98.4,63.4,9.8,14.8,45.9,3.9,1,100,101.4
2022,5,15,1424.64,69,81.9,62.8,12.3,19.7,161.5,13.9,4,81.2,233.1
2022,5,16,2089.92,67.7,85.7,63,14.8,40.3,158,13.7,6,58.1,226.7
2022,5,17,1465.38,65.7,53.4,45.8,20.4,31.7,588.5,51.3,10,5.5,288
2022,5,18,1275.96,61.3,51.6,42.8,10.5,19.7,960,84,10,12.6,295.1
2022,5,19,1737.12,61.2,85.9,56.6,7.7,19.7,960,84,10,71.9,183.5
2022,5,20,1947.54,65.4,90.1,61.9,12.2,34.4,960,84,10,52.1,85
2022,5,21,1764.84,76.4,75,66.3,10.3,16.8,867.6,75.9,10,41.7,241.2
2022,5,22,1903.86,77.9,73.9,68.3,11.4,35.7,960,84,10,11.5,238.7
2022,5,23,1911,66.9,57.8,50.9,15.7,27.3,235,20.9,0,26.4,350.3
2022,5,24,1680.84,62.2,62.5,48.9,13.3,20.8,49,4.8,0,90.9,101
2022,5,25,1246.98,60.2,65.5,47.5,13,18.3,49,4.8,0,19.8,94.8
2022,5,26,1750.14,62.1,74.5,53.7,12.5,14.8,49,4.8,0,80.1,149.1
2022,5,27,1949.22,67.7,94.6,66,13.5,25.3,49,4.8,0,94.2,182
2022,5,28,1422.12,69,82.8,62.9,15,26,49,4.8,0,68.3,282.3
2022,5,29,1260.42,68.9,68.3,56.5,7.9,11.2,49,4.8,0,20.3,328.5
2022,5,30,1725.36,74,70.8,62.6,10,19.7,49,4.8,0,4,219
2022,5,31,2549.82,81.6,59.7,64.3,13.4,19.5,49,4.8,0,8.6,288.9
2022,6,1,2048.76,68.1,81.3,61.8,13.3,25.1,49,4.8,0,54.2,79.8
2022,6,2,2123.1,69.3,88,65.3,7.6,16.1,41.5,4,1,75.5,273.9
2022,6,3,1929.9,70.1,75.5,60.6,9.2,13.6,49,4.8,0,48,345.4
2022,6,4,1225.14,69.8,54.1,49.1,12.4,20.8,49,4.8,0,1,303.2
2022,6,5,1086.12,66.3,43,41.8,8.7,13.6,155.2,13.7,9,0,15.6
2022,6,6,1464.12,67.2,51.6,47.1,9.1,22.1,337.9,29.1,10,0.1,211.8
2022,6,7,2381.82,67.7,72,57.9,17.7,27.5,194.7,16.9,8,46.9,178.2
2022,6,8,2096.22,74.3,69.9,62.1,11.2,26.6,325.9,28.2,10,53.7,276.6
2022,6,9,2113.86,73.1,71,61.9,19,32.2,301.1,26.1,10,56.2,259.5
2022,6,10,1310.4,68.7,56.2,51.5,12.4,21.8,340.4,29.3,10,7.4,303.5
2022,6,11,1547.7,67,68.9,56.2,7.9,10.3,137.6,11.7,5,40.1,245.8
2022,6,12,1684.62,65.7,92,63.2,10.1,16.1,100.6,8.8,4,81,143
2022,6,13,2448.18,75.9,77.5,67.4,8.2,20.4,242.6,20.8,7,24.8,282
2022,6,14,1931.58,73.3,54.4,55.4,8.6,18.1,263,22.8,9,5.9,19
2022,6,15,1843.8,72.1,68.6,60.1,13.5,17.2,314.6,27.2,9,11,120.9
2022,6,16,2269.26,68.2,84.6,63.2,13.6,21.9,129.8,11.1,6,90.8,175
2022,6,17,2042.88,78.4,65.4,63.6,18.3,27.9,273.2,23.7,9,47.3,266
2022,6,18,1361.22,66.5,52.6,48.6,23.7,34.2,202.3,17.3,8,42.9,323.8
2022,6,19,965.58,62.6,43.2,39.3,18.3,28.7,318.6,27.4,10,1.3,326.8
2022,6,20,1372.14,65.4,47.3,43.2,10.3,17.9,295,25.7,9,0.6,302.8
2022,6,21,2057.16,68.2,61.2,53.7,9.1,16.8,171.2,14.8,6,27.5,218.7
2022,6,22,2313.78,65.8,88.6,62.2,14.2,24.2,94.3,8.2,6,75.1,122
2022,6,23,2149.56,65.2,90.6,62.2,9.9,20.1,69.8,6.5,1,83.8,63
2022,6,24,1952.16,70.1,79.6,62.7,6.7,12.5,102,9.6,1,61.2,265.9
2022,6,25,1921.92,78,64.6,63.4,7.6,12.8,102,9.6,1,1.7,270
2022,6,26,2059.68,77.8,63.8,63.4,13.7,24.4,102,9.6,1,6.9,204.9
2022,6,27,3033.66,73.1,84.5,68,13.4,27.7,102,9.6,1,72.2,208.3
2022,6,28,1796.34,71,59.2,54.7,10.8,21.9,102,9.6,1,36.5,348.4
2022,6,29,1988.7,72.5,63.1,57.4,10.1,16.8,321.6,27.9,9,13.5,247.7
2022,6,30,2140.32,76.8,58.7,59.5,8.2,17.2,277.3,24,9,4.4,273.3
2022,7,1,2337.72,78.9,71.1,68,17.7,27.1,255.1,21.9,9,17.3,214
2022,7,2,2477.16,81.2,70.2,69.9,10.5,23.5,222.7,19.4,9,30.5,229.8
2022,7,3,1918.98,78.5,56.9,59.8,8.6,19.5,258.9,22.4,10,26.6,344.1
2022,7,4,1450.26,74.7,44.1,50.2,8.5,14.5,302.7,26.2,9,0.1,336.5
2022,7,5,2624.58,75,68.8,63.6,14.8,26.4,181.6,15.6,8,42.4,201.1
2022,7,6,2982.84,79.4,70.5,68,12.6,22.1,195.9,16.8,7,40.5,310.5
2022,7,7,2772.42,74.2,76.6,66.2,11,16.6,134,11.6,5,85.9,82
2022,7,8,2391.06,74.6,78.4,66.6,10.3,20.8,220.6,18.9,6,41.6,226.5
2022,7,9,2096.64,73,79,65.5,10,17,152,13.1,7,50.1,107.5
2022,7,10,1549.38,72,68,59.8,13.3,16.1,268.2,23.1,10,18.3,114.2
2022,7,11,1935.36,72.6,64,57.6,12.4,20.6,302.8,26.1,9,5.9,213.1
2022,7,12,2743.44,77.7,69.7,66.1,15.9,22.1,255.7,22.1,8,24.2,214.5
2022,7,13,2777.46,80.1,58.8,62.9,10.1,17,277.1,23.9,9,11.4,279.7
2022,7,14,2849.7,79.8,57.1,62,9.8,13,282,24.4,10,18.2,331.4
2022,7,15,2504.04,75.9,58.5,59.4,13.4,14.5,246.4,21.2,9,34.5,74.2
2022,7,16,2528.4,76.4,76.5,67.2,14,11,303.9,26.2,8,72,118.2
2022,7,17,2592.66,77.5,76.1,68.4,8.8,23.3,450,38.4,5,68.8,208.8
2022,7,18,3726.24,81,76.8,72.3,19.5,34.1,450,38.4,5,47.1,203.2
2022,7,19,3121.44,81.6,63.2,66.2,12.4,22.6,450,38.4,5,4.6,269.5
2022,7,20,3339.42,84,57.4,66.3,11.3,20.1,450,38.4,5,11.9,234
2022,7,21,3669.96,85.2,63.3,69.6,13.5,27.5,450,38.4,5,14.4,232
2022,7,22,3192.42,85.2,53.5,64,12.7,17.4,450,38.4,5,6,258.7
2022,7,23,2743.86,86.1,51.6,64.2,9.1,19.7,450,38.4,5,0.1,261.9
2022,7,24,2814.42,86.1,53.5,65.1,16.6,25,450,38.4,5,1.2,227.4
2022,7,25,3997.98,83.9,69.9,72.7,15.7,25.7,153.5,13.1,4,10,215.8
2022,7,26,2947.98,75.3,61.1,60.4,8,18.3,120.5,10.4,4,1.8,297.8
2022,7,27,2726.64,77.4,63.9,63.2,9.1,16.8,251.8,21.8,8,50.1,218
2022,7,28,3523.38,79.7,79.6,71.8,11.4,23.7,225,19.2,2,67.5,244.6
2022,7,29,3154.62,77,79.4,69.6,7.7,15,225,19.2,2,37.8,271.6
2022,7,30,2046.66,79.3,56,60.3,14.6,25.9,225,19.2,2,34.1,306.3
2022,7,31,2210.88,76.8,60,60.8,8.7,18.1,225,19.2,2,33.6,126.3
2022,8,1,2977.38,69.5,92.5,67,7.9,13.2,225,19.2,2,78.7,342.6
2022,8,2,2816.1,79.2,69.9,66.9,12.5,19.7,225,19.2,2,17.4,261.3
2022,8,3,2740.92,79.8,53.7,60.2,8.9,17.2,225,19.2,2,0,289.9
2022,8,4,3273.06,82.8,63.3,68,13.4,22.4,225,19.2,2,20.5,222.9
2022,8,5,3210.48,79.9,70.5,68.6,14.4,21,225,19.2,2,19.7,233.1
2022,8,6,2787.12,79.8,77.8,71.3,15.7,22,225,19.2,2,31.2,222.5
2022,8,7,3095.82,82.8,72.6,72.3,18.1,25.3,225,19.2,2,31.1,216.6
2022,8,8,3664.08,83.7,72.9,73.4,92.5,20.8,225,19.2,2,32,221.7
2022,8,9,3764.88,84.2,73.7,74.1,21.9,34.4,225,19.2,2,16.8,256.8
2022,8,10,3290.28,80.4,70.1,69.1,7.5,16.8,200,17.6,7,50.5,312.8
2022,8,11,2833.74,78.9,68.6,65.8,8.8,24.2,238,20.7,9,40.4,301.2
2022,8,12,1915.2,75.9,45,51.6,11.9,24.2,260.8,22.5,9,23.7,351.7
2022,8,13,1317.54,70.4,46.4,47.7,14.8,25.1,421,36.4,9,1.1,351.3
2022,8,14,1640.52,71.1,59.7,55.1,11.1,15.9,608,52.8,6,7.4,185.6
2022,8,15,2150.82,71.4,60.5,55.8,12.3,19.7,585.9,50.9,6,8.3,117.4
2022,8,16,2139.9,70.6,62.3,55.7,16.8,23.1,608,52.8,6,3.5,59
2022,8,17,2249.94,71.1,64.6,57.3,9.9,10.5,608,52.8,6,55.5,24
2022,8,18,2157.12,72.5,59,55.3,10.9,20.8,608,52.8,6,3.9,292.4
2022,8,19,2326.8,76.8,56,57.9,10.2,22.6,608,52.8,6,8.9,220.1
2022,8,20,2306.22,78.9,60.8,62.8,15.4,19.7,463.4,40.1,6,8.8,176.9
2022,8,21,2436.42,74.9,76.3,66.4,12.3,19.7,154.5,13.5,6,35.1,147
2022,8,22,3034.92,74.6,87.7,70.3,7.8,19,145.9,12.6,6,91.5,114.2
2022,8,23,2579.22,74.3,78.4,66.1,11.9,19.7,201.1,17.4,7,50.6,291
2022,8,24,2539.32,76.5,64.8,62,8.9,13.6,249.5,21.7,9,13.2,297.5
2022,8,25,2632.56,76.9,58.6,59.6,13,20.8,208,18.1,8,3.4,176.4
2022,8,26,2898.42,79.9,65.8,66.1,13.8,25.9,182.6,15.8,7,22.5,236.7
2022,8,27,2563.26,79.2,64.1,64.8,9.1,15,231.4,20,10,25.8,1.4
2022,8,28,2691.36,76.2,82.5,70.2,12.4,24.2,134.2,11.5,5,85,90.1
2022,8,29,2927.4,78.9,76.6,69.7,15.4,22.1,221.1,19.2,9,44.7,186.9
2022,8,30,3079.44,79.4,77.7,70.6,15.3,28.9,230.8,19.9,10,65.1,196
2022,8,31,2446.5,75.1,66.6,61,13.7,20.7,191.9,16.4,6,20.2,294.4
2022,9,1,1925.28,73.9,51.1,53.1,12.6,20.8,243.3,21,8,0.2,282
2022,9,2,1459.92,68.9,55.3,51,10.8,16.8,244.1,21.1,8,0,52.9
2022,9,3,1913.1,71.4,74.4,61.9,10,16.1,217.2,18.8,7,20.1,167.7
2022,9,4,2279.34,77.1,70.8,65.5,10.1,15.2,201.6,17.3,7,22.7,211
2022,9,5,2483.04,77.2,69.1,65.5,12.5,20.8,171.8,15,8,40.5,202.6
2022,9,6,2968.56,70.5,95.3,69.1,8.8,21.5,59.6,5.1,5,98.9,107.2
2022,9,7,2461.2,67.9,88.8,64.4,13.4,24.2,68.5,6,3,99.9,36
2022,9,8,2141.16,69.2,72.3,58.9,11.2,19.7,216.3,18.5,8,42.7,15.4
2022,9,9,1873.62,68.5,67.8,55.2,9,14.1,249.7,21.7,8,0,47
2022,9,10,1680,68.8,69.2,56.7,10,11.6,249.7,21.5,8,0.8,182.2
2022,9,11,2367.54,69.5,91.4,66.8,7.7,15.4,59.2,5.1,3,83.8,103.2
2022,9,12,3016.86,73.7,89.8,70.2,8.8,16.3,111.3,9.7,5,93.5,73.4
2022,9,13,2799.72,73.7,77.8,65.2,12.7,25.3,172.3,14.7,6,62.8,257.2
2022,9,14,2042.88,68.5,65.9,56.1,11.2,18.2,238.8,20.5,8,3.4,283.5
2022,9,15,1547.28,66,61.8,50.8,15.7,22.8,250.4,21.5,8,0,327.1
2022,9,16,1360.8,62.6,66.4,50,7.5,11.4,202,17.4,7,1.1,320.9
2022,9,17,1756.86,68.6,71,58.3,7.9,14.5,175,15.1,7,38,137.6
2022,9,18,1826.16,70.5,73.8,60.7,10.1,19.7,185.9,16.1,7,4.8,225.7
2022,9,19,2577.96,71.8,75.4,62.7,13.8,24.9,183.3,15.7,8,46.8,241.3
2022,9,20,2299.5,69.9,73.5,59.9,13.6,20.8,175.8,15.2,8,27.5,307.4
2022,9,21,2159.64,69.2,70.8,58.2,9,20.6,205.8,17.7,7,1.4,249.2
2022,9,22,2352,66.6,77.8,59,19.2,31.8,83.3,7.4,5,36.8,274.5
2022,9,23,1231.86,55.5,53.5,37.9,19.4,32.4,208.5,17.9,7,19.6,331.7
2022,9,24,1311.66,55,59.7,40.4,10.2,23.9,184.3,15.7,7,2.3,274.2
2022,9,25,1483.02,61.3,80.5,55,9,32,90,7.9,5,60,205.5
2022,9,26,1759.8,64.7,65.8,51.3,15.8,25.1,173.2,15,8,36,247.1
2022,9,27,1534.68,61.9,54.1,44.7,12.6,19.7,189.4,16.5,7,25.8,253.4
2022,9,28,1495.2,58.4,66.8,46.9,12.4,18.3,193,16.6,7,34.1,302.5
2022,9,29,1384.74,58.2,64.6,45.6,12.9,22.1,219.9,18.9,8,7.2,1.9
2022,9,30,1718.22,55.5,67.8,44.8,13.4,24.8,105.6,9.1,5,7.1,42.2
2022,10,1,1668.24,55.5,94.9,53.9,19.4,31.7,39.7,3.4,2,99.1,41.3
2022,10,2,2052.96,54.1,85.9,49.9,21.3,38.5,24.9,2.2,1,99.9,39
2022,10,3,4121.88,46.7,84.6,42.3,15.8,36,38.5,3.2,2,99.5,15.4
2022,10,4,3827.88,48.3,96.9,47.4,16,34,30.2,2.7,1,100,10.5
2022,10,5,2460.78,56.1,96,55,13.8,30.6,40.2,3.4,1,97.4,11.1
2022,10,6,1651.02,60.5,75,51,6.6,10.5,307.5,26.9,5,4.8,316.8
2022,10,7,1304.52,63.8,69.5,52.1,13.6,19.7,519,45.6,5,18.7,284.3
2022,10,8,1388.94,52.2,62.3,39.1,13.6,22.6,519,45.6,5,37.9,315.2
2022,10,9,1926.96,49.4,64.1,36.3,11.3,19.7,159.6,13.3,0,0,264.8
2022,10,10,1890.84,53,62.9,38.9,11.3,17.2,161.3,13.7,6,0,259
2022,10,11,1967.7,56.8,67.2,44.8,8.9,12.5,153.8,13.4,6,0,250.7
2022,10,12,1873.62,56.6,74,47.2,11.3,21.3,174.8,15,7,0.5,181
2022,10,13,1927.8,62.1,92.6,59.9,13.5,30.2,45.6,4,2,96.5,158.9
2022,10,14,1789.62,56.2,74.4,45.9,9,20.6,136.6,11.7,6,46,316.6
2022,10,15,1928.22,54.9,69.7,43.4,13.8,23,152.8,13.1,6,0,186.8
2022,10,16,1910.58,54,73.1,44.6,6.9,10.7,106.9,9.2,5,10.8,293
2022,10,17,2126.46,56.7,85,51.9,12.6,25.3,86.8,7.6,4,88,200.4
2022,10,18,2745.12,47.7,60.1,34.1,10.2,18.8,143.8,12.3,6,21.1,281.8
2022,10,19,3383.1,43.7,66.4,32.1,15.9,26.4,253.4,21.6,4,39.1,233.5
2022,10,20,3001.32,47,59.9,32.2,16.9,22.9,232.5,20,7,0,215.2
2022,10,21,2860.2,48.4,62.6,33.6,6.8,12.1,139.8,12.2,6,0,223.5
2022,10,22,2615.34,50.4,70.2,39.7,6.8,8.3,140.3,12.2,6,0,78.8
2022,10,23,2183.58,55.1,77.6,48,17.8,33.1,56.8,4.8,3,79.4,31.5
2022,10,24,2558.64,56,98.9,55.7,10.1,26.8,34.6,3,2,100,36.1
2022,10,25,2254.56,63.7,98.7,63.3,6.6,14.3,48.3,4.2,2,100,98.2
2022,10,26,2181.9,62.7,97.2,61.9,10.1,17.2,56,4.9,2,85.9,183
2022,10,27,1724.1,56,66.4,43.9,21.3,32,6,0,0,4.4,337.1
2022,10,28,2743.02,47.5,63.7,35.3,12.5,22.4,112.8,9.6,4,0.6,39.5
2022,10,29,3013.5,46.6,64.8,33.8,9.9,17.2,166,14.4,6,0.4,15.4
2022,10,30,2918.58,47.4,69.3,35.6,5.5,10.3,4.6,0,0,0,353.6
2022,10,31,2654.82,52.4,90.5,49.4,10.2,17.2,85.2,7.4,4,80.3,211.6
2022,11,1,2121.84,60.3,88.9,56.8,13.5,19.7,52.2,4.4,4,67,267.6
2022,11,2,1815.24,58.7,68.6,47.2,9.1,19,151.1,13,6,0,14.5
2022,11,3,2455.32,53.4,69.9,42.3,8.9,9.4,151.7,13.1,6,0,120.4
2022,11,4,2456.16,54.7,88.8,51.1,9.8,15.7,101.2,8.8,5,38.8,220.1
2022,11,5,1552.32,65.1,81.2,58.3,19.2,27.5,93.1,8.1,4,46.8,178.1
2022,11,6,1959.72,67.4,85.6,62.8,10.2,30.4,48.2,4.3,3,76,187
2022,11,7,1938.72,68.7,54.4,48.5,13.8,32.9,143.2,12.3,6,37.7,275.5
2022,11,8,2333.94,50.1,42.5,27.4,17.1,31.6,110.7,9.3,5,0,1.7
2022,11,9,3194.94,44.4,56.3,29.3,8.9,16.6,43.3,3.6,5,0.2,30.9
2022,11,10,2608.2,51.1,77,43.5,9,13.9,101.8,8.6,5,8.5,233
2022,11,11,2036.58,62.5,91.9,60.1,16.9,25.9,20.3,1.7,1,99,148.8
2022,11,12,1477.14,65.5,73.7,56.5,17.5,30.9,68.5,5.7,4,66.9,246.8
2022,11,13,3644.34,47.4,65.8,36.1,15.7,28.6,65.9,5.7,4,68,304.1
2022,11,14,4668.3,38.7,54.8,23.1,14.7,28.4,105.8,9.1,5,3.8,322.3
2022,11,15,5386.92,36.5,69.7,27.1,14.9,27.5,45.8,4,2,65.1,26.8
2022,11,16,4400.76,42.2,75.1,34.2,15.9,26.8,80.2,6.9,4,79.4,309.2
2022,11,17,5130.3,36.9,61.1,24.3,17.2,30.9,89.7,7.6,5,37.8,269.3
2022,11,18,5226.48,35.2,62.7,22.8,15,27.1,95.9,8.3,5,35.2,252.6
2022,11,19,5427.66,32.6,57.1,18.3,13.9,23,90.1,7.8,4,1.4,246.6
2022,11,20,5915.7,30.4,46.7,11.4,20,32.5,96.5,8,4,8.2,286
2022,11,21,5724.18,31.1,48.5,12.9,14.6,24.2,85.7,7.3,4,0.2,224.4
2022,11,22,4707.78,40.2,50.8,22.3,9.1,15.2,226,19.4,4,0.2,246.8
2022,11,23,4448.22,40.6,56.9,25,10.5,18.3,148.8,12.6,4,0,297.4
2022,11,24,4201.68,42.3,65.9,31.2,9.1,11.2,79.5,6.9,4,0,322.5
2022,11,25,4341.96,45.4,76.5,37.5,15,30.6,34.3,2.8,3,66,293.7
2022,11,26,3875.34,45.9,49.1,27.4,11.2,27.7,77.1,6.7,4,11.3,282.6
2022,11,27,3854.34,46.9,80.8,41.1,15,32,13.7,1.3,1,49.4,204
2022,11,28,3424.26,48.3,68.8,38.3,15.7,28.9,52.9,4.5,3,54.2,312.9
2022,11,29,5071.08,36,73.3,27.8,8.9,11.4,74.8,6.5,4,10.9,26.3
2022,11,30,4516.26,44.2,79.2,37.7,23.4,35.3,6.8,0.7,0,70.6,247.4
2022,12,1,5108.46,35.8,49,18.3,19.7,34.2,73.7,6.4,4,5.8,288.3
2022,12,2,5252.94,33.9,64.2,22.5,7.8,14.1,74.9,6.5,4,10.5,193.6
2022,12,3,3933.72,49.9,80.2,43.8,19.6,38.9,11.6,1,0,75.8,222.4
2022,12,4,4760.28,37.4,57.2,23.4,8,28.4,70.3,6.2,3,0.1,287.5
2022,12,5,5458.74,33.1,66.7,22.4,7.9,11.6,73.6,6.2,4,0,157.3
2022,12,6,4445.7,46,88.4,42.7,13.4,30.6,12,1.1,1,87.3,137
2022,12,7,2958.48,54.4,97.7,53.8,8.1,28.6,16.7,1.4,1,98,230.4
2022,12,8,3504.9,48,70.3,38.4,13.6,19.7,48.7,4.1,2,9.1,331.6
2022,12,9,4565.4,37.6,63.9,25.9,11.4,17.2,69.3,5.9,4,0.1,359.5
2022,12,10,5280.66,34.5,58.4,21,12,17.2,72.1,6.2,3,35,49.7
2022,12,11,5521.32,36.6,87.7,33.2,9.9,12.8,14.6,1.3,1,99.8,41.8
2022,12,12,5663.7,34.9,81,29.4,13.8,20.8,36.6,3.1,2,74.9,345.7
2022,12,13,5826.66,30.7,58,16.9,10,16.1,70.4,6,3,0,326.9
2022,12,14,5767.44,32,56,17.5,10.2,19.7,65,5.6,3,0,326.7
2022,12,15,5899.32,36,82.4,31,20,27.5,8,0.7,0,71.2,61.3
2022,12,16,5147.1,41.8,91.6,39.5,23.5,36.2,24.4,2,1,100,17.8
2022,12,17,5132.4,38.4,61.6,26,12.8,25.3,49.9,4.3,3,75.4,278.3
2022,12,18,5581.8,34,58.6,20.9,12.9,21.7,53.1,4.7,3,63.7,282.3
2022,12,19,6108.06,30.8,59.6,18.2,15,27.7,50.8,4.4,2,31,284.7
2022,12,20,5809.44,31.6,62.1,19.8,15.8,20.9,63.5,5.6,3,10.7,319.5
2022,12,21,5997.18,29.4,68.5,20,6.6,5.8,73,6.3,4,0.1,326.3
2022,12,22,6021.12,36.3,87.5,32.9,16.7,32.2,12.5,1.1,1,66.2,56.4
2022,12,23,5922.84,34.7,76.1,27.7,24.6,42.7,13.5,1.1,1,92.8,229.2
2022,12,24,9259.32,9.5,49.1,-5.9,19.3,30.4,66,5.6,3,23.6,259.5
2022,12,25,8307.18,19,54.1,4.9,19.1,25.9,127.8,10.7,2,18.1,254.4
2022,12,26,7699.86,21.3,56.1,7.8,10.3,18.3,96.2,8.3,4,16.3,270.7
2022,12,27,6962.34,29.1,57.5,15.9,7,12.8,50.4,4.3,2,91,257.9
2022,12,28,5744.34,35,61.5,22.3,13.9,19.7,64.6,5.6,3,7.7,216
2022,12,29,4983.3,38.5,64.5,26.8,7,12.8,70.1,6,1,0,209.1
2022,12,30,3868.2,43.1,69.6,33,6.8,11.4,87.5,7.6,3,9.1,202.4
2022,12,31,3149.58,48,98.3,47.5,5.5,10.3,14.6,1.2,1,88.3,198.7
