Year,Month,Day,NetEnergyUse,EnergyUseIn,EnergyUseOut
2019,1,1,1564.85,1370.46,-194.39
2019,1,2,1753.71,1640.03,-113.68
2019,1,3,1821.54,1820.21,-1.33
2019,1,4,1744.54,1720.04,-24.5
2019,1,5,1841,1841,0
2019,1,6,2020.27,1656.41,-363.86
2019,1,7,2028.11,1706.53,-321.58
2019,1,8,2118.97,2118.97,0
2019,1,9,2014.04,1625.89,-388.15
2019,1,10,1841,1805.16,-35.84
2019,1,11,2107.84,1631.14,-476.7
2019,1,12,2016,1558.76,-457.24
2019,1,13,1992.55,1992.55,0
2019,1,14,2163.63,1690.71,-472.92
2019,1,15,2110.64,1738.94,-371.7
2019,1,16,2240.7,2240.7,0
2019,1,17,1881.6,1773.94,-107.66
2019,1,18,1932.49,1932.49,0
2019,1,19,1712.13,1712.13,0
2019,1,20,1774.92,1678.67,-96.25
2019,1,21,2426.62,1673.98,-752.64
2019,1,22,2272.62,1691.2,-581.42
2019,1,23,2087.4,1973.44,-113.96
2019,1,24,2125.34,2125.34,0
2019,1,25,1941.03,1580.18,-360.85
2019,1,26,1858.5,1532.79,-325.71
2019,1,27,1747.9,1506.75,-241.15
2019,1,28,1771.77,1654.59,-117.18
2019,1,29,2271.85,2271.85,0
2019,1,30,2199.4,1896.3,-303.1
2019,1,31,2190.3,1795.5,-394.8
2019,2,1,2045.82,2039.45,-6.37
2019,2,2,2076.34,1726.55,-349.79
2019,2,3,1916.39,1532.37,-384.02
2019,2,4,1887.34,1535.38,-351.96
2019,2,5,1876.35,1558.2,-318.15
2019,2,6,1769.67,1623.09,-146.58
2019,2,7,1947.54,1946.28,-1.26
2019,2,8,2007.11,1897.98,-109.13
2019,2,9,2187.64,1520.89,-666.75
2019,2,10,1865.57,1553.51,-312.06
2019,2,11,2114.63,2110.5,-4.13
2019,2,12,2386.79,2386.79,0
2019,2,13,2003.68,1957.13,-46.55
2019,2,14,1998.99,1537.34,-461.65
2019,2,15,1866.2,1563.24,-302.96
2019,2,16,2096.5,1261.05,-835.45
2019,2,17,1798.65,1433.11,-365.54
2019,2,18,1828.61,1693.44,-135.17
2019,2,19,2126.46,1548.26,-578.2
2019,2,20,2375.1,2375.1,0
2019,2,21,2121.42,1601.88,-519.54
2019,2,22,1510.81,1421.56,-89.25
2019,2,23,1545.88,1461.18,-84.7
2019,2,24,1765.33,1764.7,-0.63
2019,2,25,2186.17,1405.11,-781.06
2019,2,26,2133.04,1525.16,-607.88
2019,2,27,1738.24,1653.4,-84.84
2019,2,28,2139.21,1428.01,-711.2
2019,3,1,2042.18,2042.18,0
2019,3,2,1552.88,1522.99,-29.89
2019,3,3,1666.28,1495.48,-170.8
2019,3,4,2258.69,2258.69,0
2019,3,5,2276.26,2276.26,0
2019,3,6,2188.41,2119.11,-69.3
2019,3,7,1996.47,1939.84,-56.63
2019,3,8,1894.62,1609.23,-285.39
2019,3,9,2351.44,1275.89,-1075.55
2019,3,10,1867.46,1867.46,0
2019,3,11,2127.65,1344,-783.65
2019,3,12,2232.79,1347.5,-885.29
2019,3,13,1890.21,1456.56,-433.65
2019,3,14,1896.79,1247.33,-649.46
2019,3,15,1592.01,1148.28,-443.73
2019,3,16,2441.11,1282.4,-1158.71
2019,3,17,2484.37,1186.22,-1298.15
2019,3,18,1994.93,1352.4,-642.53
2019,3,19,2342.62,1332.24,-1010.38
2019,3,20,2134.44,1253.42,-881.02
2019,3,21,2129.68,2129.68,0
2019,3,22,1787.66,1581.65,-206.01
2019,3,23,2517.77,1210.54,-1307.23
2019,3,24,2348.32,1240.16,-1108.16
2019,3,25,0,0,0
2019,3,26,0,0,0
2019,3,27,0,0,0
2019,3,28,0,0,0
2019,3,29,0,0,0
2019,3,30,0,0,0
2019,3,31,0,0,0
2019,4,1,0,0,0
2019,4,2,0,0,0
2019,4,3,0,0,0
2019,4,4,0,0,0
2019,4,5,0,0,0
2019,4,6,0,0,0
2019,4,7,0,0,0
2019,4,8,0,0,0
2019,4,9,0,0,0
2019,4,10,0,0,0
2019,4,11,0,0,0
2019,4,12,0,0,0
2019,4,13,0,0,0
2019,4,14,0,0,0
2019,4,15,0,0,0
2019,4,16,0,0,0
2019,4,17,0,0,0
2019,4,18,0,0,0
2019,4,19,0,0,0
2019,4,20,0,0,0
2019,4,21,0,0,0
2019,4,22,0,0,0
2019,4,23,2093,962.43,-1130.57
2019,4,24,2319.87,919.8,-1400.07
2019,4,25,1529.43,1073.45,-455.98
2019,4,26,1671.07,1605.23,-65.84
2019,4,27,2579.55,889.88,-1689.67
2019,4,28,1687.44,1149.73,-537.71
2019,4,29,2217.59,1034.45,-1183.14
2019,4,30,1422.86,1096.2,-326.66
2019,5,1,2284.37,1319.84,-964.53
2019,5,2,1029.4,953.81,-75.59
2019,5,3,1739.72,1146.57,-593.15
2019,5,4,959.47,959.47,0
2019,5,5,2342.67,1520.52,-822.15
2019,5,6,1931.28,956.33,-974.95
2019,5,7,1437.33,899.3,-538.03
2019,5,8,1218.44,1112.27,-106.17
2019,5,9,1819.75,1274.16,-545.59
2019,5,10,2343.6,1019.96,-1323.64
2019,5,11,1255.57,952.55,-303.02
2019,5,12,2555.87,1339.67,-1216.2
2019,5,13,2811.05,1646.5,-1164.55
2019,5,14,1982.93,1415.62,-567.31
2019,5,15,2593.38,1020.89,-1572.49
2019,5,16,2374.46,1013.97,-1360.49
2019,5,17,1756.76,1092.73,-664.03
2019,5,18,2351.79,893.35,-1458.44
2019,5,19,2284.71,974.31,-1310.4
2019,5,20,1679.88,1094.93,-584.95
2019,5,21,2609.43,847.65,-1761.78
2019,5,22,1930.98,859.97,-1071.01
2019,5,23,2207.5,1037.91,-1169.59
2019,5,24,2206.26,800.71,-1405.55
2019,5,25,931.15,784.67,-146.48
2019,5,26,1452.13,935.23,-516.9
2019,5,27,1506.92,1039.79,-467.13
2019,5,28,2659.85,1525.55,-1134.3
2019,5,29,2316.51,1169.91,-1146.6
2019,5,30,2255.69,1145,-1110.69
2019,5,31,2284.05,904.98,-1379.07
2019,6,1,2207.2,812.7,-1394.5
2019,6,2,1658.45,898.69,-759.76
2019,6,3,1623.17,827.48,-795.69
2019,6,4,1682.73,847.66,-835.07
2019,6,5,2357.09,1007.66,-1349.43
2019,6,6,2578.91,977.13,-1601.78
2019,6,7,956.05,897.76,-58.29
2019,6,8,2126.86,833.17,-1293.69
2019,6,9,1948.57,811.12,-1137.45
2019,6,10,1606.5,1295.9,-310.6
2019,6,11,2032.97,921.98,-1110.99
2019,6,12,2402.5,840.41,-1562.09
2019,6,13,2049.38,1161.09,-888.29
2019,6,14,1031.3,813.64,-217.66
2019,6,15,1068.16,824.04,-244.12
2019,6,16,979.65,972.73,-6.92
2019,6,17,1426.96,1161.72,-265.24
2019,6,18,2312.42,1418.46,-893.96
2019,6,19,3189.39,1678.97,-1510.42
2019,6,20,2967.32,1385.36,-1581.96
2019,6,21,1536.89,943.74,-593.15
2019,6,22,1301.89,858.37,-443.52
2019,6,23,1989.53,881.69,-1107.84
2019,6,24,2178.81,1129.22,-1049.59
2019,6,25,2154.58,1310.07,-844.51
2019,6,26,2016.62,1039.18,-977.44
2019,6,27,2389.61,1057.16,-1332.45
2019,6,28,2267.36,1122.02,-1145.34
2019,6,29,2035.85,1156.37,-879.48
2019,6,30,1517.35,955.4,-561.95
2019,7,1,2291.94,1025.65,-1266.29
2019,7,2,1782.28,1189.43,-592.85
2019,7,3,1884.32,1261.87,-622.45
2019,7,4,2062.31,1068.79,-993.52
2019,7,5,1669.85,1198.61,-471.24
2019,7,6,2195.53,1269.74,-925.79
2019,7,7,1721.77,1080.13,-641.64
2019,7,8,1594.53,1403.01,-191.52
2019,7,9,2018.83,1004.86,-1013.97
2019,7,10,2405.33,1115.4,-1289.93
2019,7,11,2555.92,1486.81,-1069.11
2019,7,12,2274.6,1120.44,-1154.16
2019,7,13,1964.31,982.76,-981.55
2019,7,14,1770.93,1020.92,-750.01
2019,7,15,1219.99,1008.63,-211.36
2019,7,16,2067.31,999.78,-1067.53
2019,7,17,2130.01,1190.38,-939.63
2019,7,18,2455.11,1534.68,-920.43
2019,7,19,1734.08,1124.56,-609.52
2019,7,20,1265.33,1197.62,-67.71
2019,7,21,1961.81,1209.58,-752.23
2019,7,22,2191.13,1331.17,-859.96
2019,7,23,2173.46,1429.13,-744.33
2019,7,24,2046.88,1022.82,-1024.06
2019,7,25,2020.41,1013.98,-1006.43
2019,7,26,1752.96,1102.8,-650.16
2019,7,27,1516.08,1010.83,-505.25
2019,7,28,1340.65,1053.36,-287.29
2019,7,29,1681.13,1160.45,-520.68
2019,7,30,1822.59,1237.01,-585.58
2019,7,31,2352.4,1485.21,-867.19
2019,8,1,2188.02,1206.14,-981.88
2019,8,2,1552.01,1024.39,-527.62
2019,8,3,1309.12,1104.07,-205.05
2019,8,4,1326.47,1043.28,-283.19
2019,8,5,1692.5,1110.06,-582.44
2019,8,6,2284.06,1419.1,-864.96
2019,8,7,2839.72,1684.93,-1154.79
2019,8,8,2464.53,1349.13,-1115.4
2019,8,9,1961.49,1146.9,-814.59
2019,8,10,983.74,963.58,-20.16
2019,8,11,1097.79,985.96,-111.83
2019,8,12,1667.91,1054.3,-613.61
2019,8,13,2144.84,1659.12,-485.72
2019,8,14,2355.22,1685.86,-669.36
2019,8,15,1697.19,1162.62,-534.57
2019,8,16,1667.57,1169.27,-498.3
2019,8,17,1721.74,1222.16,-499.58
2019,8,18,1603.34,1271.95,-331.39
2019,8,19,1824.77,1279.21,-545.56
2019,8,20,1345.65,1336.2,-9.45
2019,8,21,2514.95,1515.47,-999.48
2019,8,22,2221.4,1351.67,-869.73
2019,8,23,2215.38,1605.22,-610.16
2019,8,24,1216.52,1034.47,-182.05
2019,8,25,1298.41,1053.34,-245.07
2019,8,26,2092.56,1112.59,-979.97
2019,8,27,2187.03,1203.92,-983.11
2019,8,28,2283.15,1307.9,-975.25
2019,8,29,1901.96,1054.29,-847.67
2019,8,30,1390.72,1031,-359.72
2019,8,31,1709.22,1011.81,-697.41
2019,9,1,1435.48,1009.9,-425.58
2019,9,2,1466.03,1234.18,-231.85
2019,9,3,1108.8,1108.8,0
2019,9,4,2226.12,1289.3,-936.82
2019,9,5,2091.59,1277.62,-813.97
2019,9,6,2033.33,1715.49,-317.84
2019,9,7,1260.9,1000.42,-260.48
2019,9,8,1665.08,1013.67,-651.41
2019,9,9,1543.82,1385.05,-158.77
2019,9,10,1711.74,1281.75,-429.99
2019,9,11,1501.57,1210.5,-291.07
2019,9,12,2635.92,1544.75,-1091.17
2019,9,13,1313.54,1029.74,-283.8
2019,9,14,1985.72,1050.18,-935.54
2019,9,15,1788.26,1030.04,-758.22
2019,9,16,2300.75,1282.99,-1017.76
2019,9,17,2042.46,1030.68,-1011.78
2019,9,18,2146.68,1056.48,-1090.2
2019,9,19,1919.59,985.61,-933.98
2019,9,20,1570.62,990.69,-579.93
2019,9,21,1519.87,1001.08,-518.79
2019,9,22,1896.92,1050.84,-846.08
2019,9,23,1726.19,1266.61,-459.58
2019,9,24,2389.57,1310.38,-1079.19
2019,9,25,1621.29,1058.39,-562.9
2019,9,26,1779.11,1207.71,-571.4
2019,9,27,1061.21,980.57,-80.64
2019,9,28,1548.84,1047.67,-501.17
2019,9,29,1511.99,1042.96,-469.03
2019,9,30,1408.96,1408.96,0
2019,10,1,1943.85,1115.09,-828.76
2019,10,2,2468.03,1310.38,-1157.65
2019,10,3,1845.25,1844.94,-0.31
2019,10,4,1189.44,1029.73,-159.71
2019,10,5,951.61,945.94,-5.67
2019,10,6,1323.29,1323.29,0
2019,10,7,1811.58,1323.95,-487.63
2019,10,8,1889.06,1518.3,-370.76
2019,10,9,2398.08,1610.89,-787.19
2019,10,10,1632.94,1106.9,-526.04
2019,10,11,1877.72,993.2,-884.52
2019,10,12,1629.82,984.7,-645.12
2019,10,13,963.62,961.42,-2.2
2019,10,14,1165.2,1004.56,-160.64
2019,10,15,1374.06,1033.85,-340.21
2019,10,16,2417.01,1652.51,-764.5
2019,10,17,1372.46,1372.46,0
2019,10,18,1742.25,1123.9,-618.35
2019,10,19,1089.92,1089.92,0
2019,10,20,2264.22,1553.89,-710.33
2019,10,21,1745.75,1165.84,-579.91
2019,10,22,2268.31,1852.51,-415.8
2019,10,23,1672.34,1211.81,-460.53
2019,10,24,1330.55,1191.02,-139.53
2019,10,25,1527.75,1106.29,-421.46
2019,10,26,1157.94,1093.04,-64.9
2019,10,27,1317.65,1315.77,-1.88
2019,10,28,1233.49,1233.49,0
2019,10,29,2322.19,1375.6,-946.59
2019,10,30,2481.88,1545.7,-936.18
2019,10,31,2571.94,1698.14,-873.8
2019,11,1,1784.73,1103.09,-681.64
2019,11,2,1232.93,1161.75,-71.18
2019,11,3,1938.51,1245.51,-693
2019,11,4,1370.87,1306.94,-63.93
2019,11,5,2271.8,1380.04,-891.76
2019,11,6,1915.81,1256.83,-658.98
2019,11,7,1671.7,1551.68,-120.02
2019,11,8,1857.88,1300,-557.88
2019,11,9,1381.91,1381.91,0
2019,11,10,2085.93,1504.43,-581.5
2019,11,11,1641.14,1254.65,-386.49
2019,11,12,2541.73,2088.12,-453.61
2019,11,13,2472.42,1671.38,-801.04
2019,11,14,1813.42,1661.89,-151.53
2019,11,15,1479.25,1479.25,0
2019,11,16,1695.65,1399.24,-296.41
2019,11,17,1673.89,1541.61,-132.28
2019,11,18,2354.01,1902.95,-451.06
2019,11,19,1475.13,1465.05,-10.08
2019,11,20,1992.01,1575.28,-416.73
2019,11,21,1419.41,1392.01,-27.4
2019,11,22,2029.56,1617.54,-412.02
2019,11,23,1775,1333.69,-441.31
2019,11,24,1659.1,1638.31,-20.79
2019,11,25,1866.08,1434.22,-431.86
2019,11,26,1881.52,1403.64,-477.88
2019,11,27,2072.38,1780.69,-291.69
2019,11,28,1307.26,1307.26,0
2019,11,29,1357.34,1355.76,-1.58
2019,11,30,1854.09,1425.38,-428.71
2019,12,1,1969.4,1969.4,0
2019,12,2,2128.77,2049.08,-79.69
2019,12,3,1683.04,1642.41,-40.63
2019,12,4,2433.33,2170.32,-263.01
2019,12,5,2347.08,1976.94,-370.14
2019,12,6,1823.24,1823.24,0
2019,12,7,1496.56,1496.56,0
2019,12,8,1547.89,1539.39,-8.5
2019,12,9,2477.46,2134.42,-343.04
2019,12,10,2062.3,2062.3,0
2019,12,11,2084.97,2083.09,-1.88
2019,12,12,1882.74,1693.12,-189.62
2019,12,13,2140.12,2140.12,0
2019,12,14,1684.29,1684.29,0
2019,12,15,1837.73,1604.94,-232.79
2019,12,16,2643.16,2297.28,-345.88
2019,12,17,2916.92,2379.52,-537.4
2019,12,18,1905.44,1821.97,-83.47
2019,12,19,2230.84,1754.56,-476.28
2019,12,20,1834.89,1611.24,-223.65
2019,12,21,2184.53,1658.16,-526.37
2019,12,22,1968.44,1583.21,-385.23
2019,12,23,1697.21,1597.37,-99.84
2019,12,24,1417.81,1397.34,-20.47
2019,12,25,1778.8,1443.02,-335.78
2019,12,26,1727.46,1727.46,0
2019,12,27,1507.59,1507.59,0
2019,12,28,1317,1305.66,-11.34
2019,12,29,1706.98,1706.98,0
2019,12,30,2069.26,2069.26,0
2019,12,31,1710.75,1710.75,0
2020,1,1,1796.43,1626.02,-170.41
2020,1,2,1775.01,1645.86,-129.15
2020,1,3,1943.53,1943.53,0
2020,1,4,1694.72,1694.72,0
2020,1,5,1775.04,1524.61,-250.43
2020,1,6,1825.12,1687.78,-137.34
2020,1,7,1774.7,1745.4,-29.3
2020,1,8,2074.26,1743.52,-330.74
2020,1,9,2096.29,1639.24,-457.05
2020,1,10,1841.5,1785.74,-55.76
2020,1,11,1491.18,1284.24,-206.94
2020,1,12,1836.45,1202.99,-633.46
2020,1,13,1902.87,1902.87,0
2020,1,14,2093.18,2093.18,0
2020,1,15,1855.69,1408.08,-447.61
2020,1,16,1865.09,1525.53,-339.56
2020,1,17,2203.42,1483.03,-720.39
2020,1,18,2010.63,2010.63,0
2020,1,19,1995.86,1500.06,-495.8
2020,1,20,2282.46,1510.09,-772.37
2020,1,21,2181.07,1628.23,-552.84
2020,1,22,2127.19,1623.83,-503.36
2020,1,23,1924.04,1624.78,-299.26
2020,1,24,1980.09,1395.13,-584.96
2020,1,25,1764.02,1764.02,0
2020,1,26,1838.35,1414.04,-424.31
2020,1,27,1676.11,1655.33,-20.78
2020,1,28,2014.73,1638.3,-376.43
2020,1,29,2251.01,1529.33,-721.68
2020,1,30,1956.14,1455.3,-500.84
2020,1,31,1605.59,1467.61,-137.98
2020,2,1,1525.53,1524.59,-0.94
2020,2,2,1624.14,1408.37,-215.77
2020,2,3,2116.18,1288.68,-827.5
2020,2,4,1566.8,1521.13,-45.67
2020,2,5,1734.71,1734.71,0
2020,2,6,2106.42,2106.42,0
2020,2,7,1764.95,1739.75,-25.2
2020,2,8,2002.46,1441.44,-561.02
2020,2,9,2262.29,1384.72,-877.57
2020,2,10,1850.94,1849.06,-1.88
2020,2,11,1785.12,1781.34,-3.78
2020,2,12,1885.57,1366.76,-518.81
2020,2,13,2035.23,2035.23,0
2020,2,14,2169.41,1327.74,-841.67
2020,2,15,2593.07,1383.79,-1209.28
2020,2,16,2236.17,1347.57,-888.6
2020,2,17,2435.57,1186.59,-1248.98
2020,2,18,1695.96,1499.72,-196.24
2020,2,19,2377.61,1218.74,-1158.87
2020,2,20,1563.35,1337.19,-226.16
2020,2,21,2626.51,1370.59,-1255.92
2020,2,22,2711.23,1297.49,-1413.74
2020,2,23,2677.51,1285.82,-1391.69
2020,2,24,2104.19,1241.41,-862.78
2020,2,25,1729.02,1728.71,-0.31
2020,2,26,1679.87,1670.43,-9.44
2020,2,27,2471.82,1274.81,-1197.01
2020,2,28,2151.71,1259.02,-892.69
2020,2,29,2123.45,1306.64,-816.81
2020,3,1,2893.88,1266.91,-1626.97
2020,3,2,2426.45,1231.33,-1195.12
2020,3,3,1488.38,1345.69,-142.69
2020,3,4,2496.08,1086.44,-1409.64
2020,3,5,2406.55,1088.92,-1317.63
2020,3,6,1815.34,1815.34,0
2020,3,7,3017.38,1271.97,-1745.41
2020,3,8,2818.67,1114.8,-1703.87
2020,3,9,2621.13,1080.46,-1540.67
2020,3,10,1381.24,1173.67,-207.57
2020,3,11,1903.84,1043.59,-860.25
2020,3,12,1532.76,1408.33,-124.43
2020,3,13,2110.78,1060.25,-1050.53
2020,3,14,2723.81,1005.79,-1718.02
2020,3,15,2782.69,993.82,-1788.87
2020,3,16,2320,1165.83,-1154.17
2020,3,17,1749.21,1337.5,-411.71
2020,3,18,2556.2,1105.32,-1450.88
2020,3,19,1455.6,1353.21,-102.39
2020,3,20,1720.47,1154.43,-566.04
2020,3,21,2833.13,974.94,-1858.19
2020,3,22,2573.23,1110.06,-1463.17
2020,3,23,1867.61,1866.98,-0.63
2020,3,24,2725.37,1189.74,-1535.63
2020,3,25,1645.56,1612.17,-33.39
2020,3,26,2940.84,1096.84,-1844
2020,3,27,2822.12,1038.9,-1783.22
2020,3,28,1582.85,1582.54,-0.31
2020,3,29,1557.07,1555.82,-1.25
2020,3,30,1512.64,1486.18,-26.46
2020,3,31,1589.2,1487.45,-101.75
2020,4,1,2527.9,1087.07,-1440.83
2020,4,2,2991.56,1013.05,-1978.51
2020,4,3,1999.31,1139.37,-859.94
2020,4,4,1648.07,957.91,-690.16
2020,4,5,1791.74,879.81,-911.93
2020,4,6,3071.88,888.61,-2183.27
2020,4,7,2276.21,853.67,-1422.54
2020,4,8,2388.97,962.01,-1426.96
2020,4,9,1810.04,1031.98,-778.06
2020,4,10,2192.41,938.7,-1253.71
2020,4,11,3031.88,938.06,-2093.82
2020,4,12,2042.44,944.68,-1097.76
2020,4,13,1728.72,1661,-67.72
2020,4,14,2550.58,980.94,-1569.64
2020,4,15,3034.38,959.48,-2074.9
2020,4,16,2727.54,990.32,-1737.22
2020,4,17,2228.02,1131.19,-1096.83
2020,4,18,1410.56,1297.49,-113.07
2020,4,19,2969.8,993.19,-1976.61
2020,4,20,1770.96,947.55,-823.41
2020,4,21,2058.5,1084.84,-973.66
2020,4,22,3369.49,948.73,-2420.76
2020,4,23,2106.72,1147.24,-959.48
2020,4,24,1435.75,1408.35,-27.4
2020,4,25,2657.63,933.96,-1723.67
2020,4,26,1374.98,1370.89,-4.09
2020,4,27,1460.67,1120.15,-340.52
2020,4,28,2944.94,942.17,-2002.77
2020,4,29,1446.81,1039.83,-406.98
2020,4,30,1623.19,1513.9,-109.29
2020,5,1,1923.39,1005.47,-917.92
2020,5,2,3035.66,821.21,-2214.45
2020,5,3,2111.77,854.28,-1257.49
2020,5,4,2292.25,831.27,-1460.98
2020,5,5,2263.91,836.31,-1427.6
2020,5,6,1338.41,1269.12,-69.29
2020,5,7,3004.44,885.44,-2119
2020,5,8,1241.71,1128.95,-112.76
2020,5,9,2812.95,954.15,-1858.8
2020,5,10,3269.38,911.61,-2357.77
2020,5,11,2058.53,1116.68,-941.85
2020,5,12,2943.99,912.87,-2031.12
2020,5,13,2944.95,852.39,-2092.56
2020,5,14,2633.41,978.39,-1655.02
2020,5,15,2364.68,1010.18,-1354.5
2020,5,16,2698.31,859.66,-1838.65
2020,5,17,2154.28,809.54,-1344.74
2020,5,18,2217.59,868.14,-1349.45
2020,5,19,2645.98,822.14,-1823.84
2020,5,20,2289.44,819.64,-1469.8
2020,5,21,2686.64,837.26,-1849.38
2020,5,22,1685.9,1054,-631.9
2020,5,23,1657.48,1010.49,-646.99
2020,5,24,2453.85,890.18,-1563.67
2020,5,25,1918.35,888.92,-1029.43
2020,5,26,2474.31,927.03,-1547.28
2020,5,27,1917.07,1012.7,-904.37
2020,5,28,1382.55,1243.62,-138.93
2020,5,29,1582.54,1303.15,-279.39
2020,5,30,2371.62,939.63,-1431.99
2020,5,31,2611.68,864.37,-1747.31
2020,6,1,1989.53,937.75,-1051.78
2020,6,2,1629.15,1141.53,-487.62
2020,6,3,1787,1204.87,-582.13
2020,6,4,2047.49,1154.47,-893.02
2020,6,5,1824.46,1386.92,-437.54
2020,6,6,2036.44,1048.59,-987.85
2020,6,7,2449.72,888.26,-1561.46
2020,6,8,2237.38,932.05,-1305.33
2020,6,9,2107.64,982.48,-1125.16
2020,6,10,1846.86,1059.05,-787.81
2020,6,11,1686.15,1475.42,-210.73
2020,6,12,2286.88,1002.96,-1283.92
2020,6,13,2496.69,857.12,-1639.57
2020,6,14,2483.13,821.83,-1661.3
2020,6,15,2053.47,789.71,-1263.76
2020,6,16,2039.92,831.58,-1208.34
2020,6,17,1506.64,970.84,-535.8
2020,6,18,1643.08,1241.14,-401.94
2020,6,19,2091.92,1039.19,-1052.73
2020,6,20,1785.41,1063.43,-721.98
2020,6,21,2000.55,941.52,-1059.03
2020,6,22,1936.31,1099.03,-837.28
2020,6,23,1974.42,1150.06,-824.36
2020,6,24,2235.85,1075.7,-1160.15
2020,6,25,1634.52,1077.29,-557.23
2020,6,26,2060.41,1082.34,-978.07
2020,6,27,1629.46,1037.25,-592.21
2020,6,28,2091.27,979.95,-1111.32
2020,6,29,2159.31,981.22,-1178.09
2020,6,30,1827.98,1283.01,-544.97
2020,7,1,1871.4,1218.11,-653.29
2020,7,2,2277.15,1141.58,-1135.57
2020,7,3,1979.13,1072.25,-906.88
2020,7,4,2017.59,1142.52,-875.07
2020,7,5,2195.26,1014,-1181.26
2020,7,6,1931.26,1425.69,-505.57
2020,7,7,1881.48,1295.57,-585.91
2020,7,8,1937.91,1460.05,-477.86
2020,7,9,1911.43,1250.55,-660.88
2020,7,10,1823.84,1807.46,-16.38
2020,7,11,1623.78,1002.63,-621.15
2020,7,12,2346.14,960.43,-1385.71
2020,7,13,2052.23,977.15,-1075.08
2020,7,14,2102.96,1006.45,-1096.51
2020,7,15,1881.47,1145.31,-736.16
2020,7,16,1566.15,1022.16,-543.99
2020,7,17,1591.43,1142.53,-448.9
2020,7,18,2269.29,996.05,-1273.24
2020,7,19,2107.35,1024.05,-1083.3
2020,7,20,1817.88,1165.51,-652.37
2020,7,21,2034.25,1202.96,-831.29
2020,7,22,2238.05,1278.55,-959.5
2020,7,23,1750.4,1392.58,-357.82
2020,7,24,1459.69,1433.55,-26.14
2020,7,25,1826.33,1087.35,-738.98
2020,7,26,1677.69,1032.26,-645.43
2020,7,27,1493.06,1135.86,-357.2
2020,7,28,1668.54,1337.17,-331.37
2020,7,29,1620.99,1185.02,-435.97
2020,7,30,1572.8,1333.39,-239.41
2020,7,31,1443,1301.24,-141.76
2020,8,1,1632.3,1077.57,-554.73
2020,8,2,1666.36,1229.13,-437.23
2020,8,3,1650.92,1279.84,-371.08
2020,8,4,2080.92,1578.49,-502.43
2020,8,5,1736.88,1064.68,-672.2
2020,8,6,1776.28,1333.7,-442.58
2020,8,7,1473.87,1396.71,-77.16
2020,8,8,1309.45,1008,-301.45
2020,8,9,1578.13,1059.97,-518.16
2020,8,10,1606.17,1196.03,-410.14
2020,8,11,1548.23,1239.85,-308.38
2020,8,12,1715.46,1603.96,-111.5
2020,8,13,1532.15,1528.37,-3.78
2020,8,14,1506.33,1058.1,-448.23
2020,8,15,1465.4,1068.49,-396.91
2020,8,16,1402.37,1301.57,-100.8
2020,8,17,1785.05,1193.81,-591.24
2020,8,18,1685.88,1139.36,-546.52
2020,8,19,1461.61,1258.13,-203.48
2020,8,20,1568.41,1032.92,-535.49
2020,8,21,1489.66,1129.92,-359.74
2020,8,22,1656.91,1095.26,-561.65
2020,8,23,1437.33,1159.2,-278.13
2020,8,24,1536.56,1242.98,-293.58
2020,8,25,1523.94,1190.05,-333.89
2020,8,26,1615.31,1115.39,-499.92
2020,8,27,1587.61,1291.2,-296.41
2020,8,28,1660.07,1239.53,-420.54
2020,8,29,1318.62,1204.9,-113.72
2020,8,30,1609.97,958.54,-651.43
2020,8,31,1249.9,1227.53,-22.37
2020,9,1,1416.56,1373.71,-42.85
2020,9,2,1507.9,1428.52,-79.38
2020,9,3,1534.34,1266.9,-267.44
2020,9,4,1582.86,1016.5,-566.36
2020,9,5,1739.73,923.24,-816.49
2020,9,6,1648.07,964.84,-683.23
2020,9,7,1730.89,963.25,-767.64
2020,9,8,1498.14,1140.93,-357.21
2020,9,9,1481.73,1466.31,-15.42
2020,9,10,1495.61,1477.97,-17.64
2020,9,11,1550.74,1511.99,-38.75
2020,9,12,1923.36,961.36,-962
2020,9,13,1265.67,1061.26,-204.41
2020,9,14,1351.94,1083.9,-268.04
2020,9,15,1322.08,985.02,-337.06
2020,9,16,1269.77,1016.84,-252.93
2020,9,17,1199.18,1154.77,-44.41
2020,9,18,1279.52,955.39,-324.13
2020,9,19,2206.27,897.12,-1309.15
2020,9,20,2144.81,898.68,-1246.13
2020,9,21,1513.24,972.4,-540.84
2020,9,22,1539.73,1027.54,-512.19
2020,9,23,1456.55,1024.69,-431.86
2020,9,24,1287.08,1263.77,-23.31
2020,9,25,1250.55,1078.88,-171.67
2020,9,26,1328.35,1181.59,-146.76
2020,9,27,1280.1,1136.79,-143.31
2020,9,28,1459.08,1240.15,-218.93
2020,9,29,1570.58,1527.11,-43.47
2020,9,30,1780.37,1070.37,-710
2020,10,1,1319.86,1201.41,-118.45
2020,10,2,1625.36,1270.03,-355.33
2020,10,3,1530.26,990.98,-539.28
2020,10,4,1375.57,1041.68,-333.89
2020,10,5,1678.02,1120.16,-557.86
2020,10,6,1703.86,1079.52,-624.34
2020,10,7,1436.09,1143.45,-292.64
2020,10,8,1472.3,1109.42,-362.88
2020,10,9,1500.32,1020.9,-479.42
2020,10,10,1157.64,1041.4,-116.24
2020,10,11,1316.07,1311.66,-4.41
2020,10,12,1423.45,1423.45,0
2020,10,13,1387.23,1262.48,-124.75
2020,10,14,1729.01,1067.82,-661.19
2020,10,15,1397.65,1102.19,-295.46
2020,10,16,1722.09,1722.09,0
2020,10,17,1564.29,1062.49,-501.8
2020,10,18,1489.9,1168.93,-320.97
2020,10,19,1368.31,1244.83,-123.48
2020,10,20,1370.23,1312.9,-57.33
2020,10,21,1460.63,1436.69,-23.94
2020,10,22,1404.6,1378.77,-25.83
2020,10,23,1196.07,1087.08,-108.99
2020,10,24,1259.68,1206.45,-53.23
2020,10,25,1258.72,1196.67,-62.05
2020,10,26,1574.39,1574.39,0
2020,10,27,1747,1233.54,-513.46
2020,10,28,1643.03,1643.03,0
2020,10,29,1885.29,1885.29,0
2020,10,30,1627.9,1568.06,-59.84
2020,10,31,2259.16,1211.78,-1047.38
2020,11,1,1638.01,1632.98,-5.03
2020,11,2,2128.43,1383.46,-744.97
2020,11,3,1826.38,1322.08,-504.3
2020,11,4,1980.08,1313.23,-666.85
2020,11,5,1811.88,1217.15,-594.73
2020,11,6,1883.69,1131.14,-752.55
2020,11,7,1959.61,1087.68,-871.93
2020,11,8,1954.58,1086.74,-867.84
2020,11,9,1795.16,1133.35,-661.81
2020,11,10,1875.19,1147.55,-727.64
2020,11,11,1527.76,1527.45,-0.31
2020,11,12,1771.88,1771.88,0
2020,11,13,1488.7,1414.05,-74.65
2020,11,14,1981.68,1231.03,-750.65
2020,11,15,1586.05,1443.35,-142.7
2020,11,16,1962.75,1214.31,-748.44
2020,11,17,1621.32,1520.21,-101.11
2020,11,18,2173.51,1431.68,-741.83
2020,11,19,1978.82,1474.2,-504.62
2020,11,20,1984.82,1280.79,-704.03
2020,11,21,1712.98,1328.05,-384.93
2020,11,22,1567.12,1567.12,0
2020,11,23,1928.74,1489,-439.74
2020,11,24,1913.33,1369.95,-543.38
2020,11,25,1592.95,1468.84,-124.11
2020,11,26,1551.06,1400.5,-150.56
2020,11,27,1513.24,1344.4,-168.84
2020,11,28,1582.55,1402.68,-179.87
2020,11,29,1988.28,1362.07,-626.21
2020,11,30,1982.58,1982.58,0
2020,12,1,1649.35,1601.78,-47.57
2020,12,2,1685.6,1571.26,-114.34
2020,12,3,1784.17,1442.07,-342.1
2020,12,4,1916.14,1916.14,0
2020,12,5,1729.65,1663.82,-65.83
2020,12,6,2065.09,1469.44,-595.65
2020,12,7,1938.78,1539.69,-399.09
2020,12,8,1891.21,1702.84,-188.37
2020,12,9,1978.2,1962.13,-16.07
2020,12,10,1942.28,1538.77,-403.51
2020,12,11,1818.51,1386.96,-431.55
2020,12,12,1604.31,1584.14,-20.17
2020,12,13,1718.97,1277.97,-441
2020,12,14,2008.17,2008.17,0
2020,12,15,1974.99,1573.07,-401.92
2020,12,16,2153.96,2153.96,0
2020,12,17,2332.25,2332.25,0
2020,12,18,2359.98,2359.98,0
2020,12,19,2214.16,2214.16,0
2020,12,20,2141.05,2141.05,0
2020,12,21,2217.6,2217.6,0
2020,12,22,1936.94,1914.58,-22.36
2020,12,23,1825.73,1465.38,-360.35
2020,12,24,1703.2,1676.74,-26.46
2020,12,25,1816.29,1816.29,0
2020,12,26,2112.75,1575.98,-536.77
2020,12,27,2065.45,1562.7,-502.75
2020,12,28,1955.24,1780.42,-174.82
2020,12,29,2051.62,1655.04,-396.58
2020,12,30,1950.5,1667.32,-283.18
2020,12,31,1855.02,1855.02,0
2021,1,1,1659.42,1646.81,-12.61
2021,1,2,1743.8,1411.17,-332.63
2021,1,3,1867.96,1832.05,-35.91
2021,1,4,1735.98,1721.49,-14.49
2021,1,5,1901.38,1901.38,0
2021,1,6,1816.27,1535.3,-280.97
2021,1,7,1991.4,1533.39,-458.01
2021,1,8,1853.77,1844,-9.77
2021,1,9,1903.87,1567.44,-336.43
2021,1,10,2117.43,1487.43,-630
2021,1,11,1883.06,1883.06,0
2021,1,12,1981.98,1579.72,-402.26
2021,1,13,1728.39,1532.15,-196.24
2021,1,14,1658.49,1573.43,-85.06
2021,1,15,1684.3,1661.94,-22.36
2021,1,16,1474.86,1409.34,-65.52
2021,1,17,1859.41,1442.37,-417.04
2021,1,18,1934.4,1411.18,-523.22
2021,1,19,1781.64,1546.96,-234.68
2021,1,20,1963.09,1652.82,-310.27
2021,1,21,2151.77,1756.12,-395.65
2021,1,22,1910.14,1579.41,-330.73
2021,1,23,2225.47,1483.65,-741.82
2021,1,24,2131.28,1536.56,-594.72
2021,1,25,1806.24,1794.27,-11.97
2021,1,26,2174.47,2174.47,0
2021,1,27,1991.09,1928.72,-62.37
2021,1,28,2223.55,1554.83,-668.72
2021,1,29,2386.75,1536.25,-850.5
2021,1,30,2398.38,1514.19,-884.19
2021,1,31,2039.64,2039.64,0
2021,2,1,2236.84,2236.84,0
2021,2,2,2164.06,2164.06,0
2021,2,3,2405.36,2405.36,0
2021,2,4,2396.52,2396.52,0
2021,2,5,2258.86,2258.86,0
2021,2,6,2016.34,2016.34,0
2021,2,7,2135.38,2135.38,0
2021,2,8,2471.82,2471.82,0
2021,2,9,2510.25,2510.25,0
2021,2,10,2426.15,2426.15,0
2021,2,11,2295.09,2295.09,0
2021,2,12,2134.1,2134.1,0
2021,2,13,2120.27,2120.27,0
2021,2,14,2108.02,2108.02,0
2021,2,15,2070.17,2070.17,0
2021,2,16,1974.71,1814.7,-160.01
2021,2,17,2177.94,1468.57,-709.37
2021,2,18,2234.64,2234.64,0
2021,2,19,2210.65,2210.65,0
2021,2,20,2171.93,2171.93,0
2021,2,21,2210.37,2210.37,0
2021,2,22,2433.68,2433.68,0
2021,2,23,2271.44,2271.44,0
2021,2,24,2021.04,1477.98,-543.06
2021,2,25,2399.97,1208.01,-1191.96
2021,2,26,2228.32,1239.55,-988.77
2021,2,27,1738.47,1508.84,-229.63
2021,2,28,1712.67,1711.09,-1.58
2021,3,1,1581.3,1569.33,-11.97
2021,3,2,2532.6,1322.68,-1209.92
2021,3,3,2445.32,1282.67,-1162.65
2021,3,4,2020.09,1328.04,-692.05
2021,3,5,2674.66,1363.94,-1310.72
2021,3,6,1759.91,1501.29,-258.62
2021,3,7,2782.7,1328.97,-1453.73
2021,3,8,2632.13,1352.3,-1279.83
2021,3,9,2296.98,1295.29,-1001.69
2021,3,10,2305.76,1111.61,-1194.15
2021,3,11,1792.33,1017.13,-775.2
2021,3,12,1355.13,974.61,-380.52
2021,3,13,1707.29,988.13,-719.16
2021,3,14,1889.69,1024.7,-864.99
2021,3,15,2709.97,1210.23,-1499.74
2021,3,16,1848.42,1847.48,-0.94
2021,3,17,1678.62,1625.39,-53.23
2021,3,18,1995.86,1995.86,0
2021,3,19,2637.82,1147.87,-1489.95
2021,3,20,2340.14,1092.73,-1247.41
2021,3,21,1752.62,1060.26,-692.36
2021,3,22,1633.91,1096.21,-537.7
2021,3,23,1509.45,1034.13,-475.32
2021,3,24,1618.47,1618.47,0
2021,3,25,1412.79,1412.16,-0.63
2021,3,26,1733.14,1006.13,-727.01
2021,3,27,1856.63,916.35,-940.28
2021,3,28,1313.57,1310.43,-3.14
2021,3,29,2060.39,1036.65,-1023.74
2021,3,30,1665.99,1063.1,-602.89
2021,3,31,1438.28,1431.04,-7.24
2021,4,1,2284.04,1140.91,-1143.13
2021,4,2,2040.25,1038.24,-1002.01
2021,4,3,2357.48,1110.08,-1247.4
2021,4,4,1787.64,1079.84,-707.8
2021,4,5,1597.68,950.36,-647.32
2021,4,6,1594.53,919.17,-675.36
2021,4,7,1597.67,1182.81,-414.86
2021,4,8,1827,897.42,-929.58
2021,4,9,1280.81,1161.74,-119.07
2021,4,10,1220.57,987.8,-232.77
2021,4,11,1365.24,1365.24,0
2021,4,12,1513.56,1513.25,-0.31
2021,4,13,1546.94,983.41,-563.53
2021,4,14,1338.1,1207.39,-130.71
2021,4,15,1473.55,1456.24,-17.31
2021,4,16,1745.42,977.14,-768.28
2021,4,17,1480.19,1027.86,-452.33
2021,4,18,1769.37,1005.49,-763.88
2021,4,19,1158.89,1001.08,-157.81
2021,4,20,1475.15,926.72,-548.43
2021,4,21,1411.21,1106.91,-304.3
2021,4,22,1552.28,1112.25,-440.03
2021,4,23,1787.63,1017.46,-770.17
2021,4,24,1592.67,944.09,-648.58
2021,4,25,1210.54,961.07,-249.47
2021,4,26,1718,922.64,-795.36
2021,4,27,1564.27,949.71,-614.56
2021,4,28,1412.77,918.23,-494.54
2021,4,29,1235.09,1210.84,-24.25
2021,4,30,1579.1,871.63,-707.47
2021,5,1,2193.03,827.5,-1365.53
2021,5,2,1580.34,910.33,-670.01
2021,5,3,1322.04,1219.04,-103
2021,5,4,1550.73,950.03,-600.7
2021,5,5,1452.79,1345.36,-107.43
2021,5,6,1632.04,905.96,-726.08
2021,5,7,1342.52,828.76,-513.76
2021,5,8,1363.3,864.98,-498.32
2021,5,9,1227.85,1026.57,-201.28
2021,5,10,1179.34,1063.41,-115.93
2021,5,11,1478.28,1028.15,-450.13
2021,5,12,1674.81,914.74,-760.07
2021,5,13,1913.64,887.97,-1025.67
2021,5,14,1634.23,788.15,-846.08
2021,5,15,1474.49,777.74,-696.75
2021,5,16,1217.17,768.93,-448.24
2021,5,17,1572.17,797.9,-774.27
2021,5,18,1597.07,886.42,-710.65
2021,5,19,1586.99,949.73,-637.26
2021,5,20,1543.78,881.96,-661.82
2021,5,21,1568.68,868.76,-699.92
2021,5,22,1358.93,935.55,-423.38
2021,5,23,1555.8,849.88,-705.92
2021,5,24,1158.9,1122.67,-36.23
2021,5,25,1626.36,892.71,-733.65
2021,5,26,1463.81,1080.13,-383.68
2021,5,27,1505.07,950.67,-554.4
2021,5,28,1316.36,1099.02,-217.34
2021,5,29,1334.01,1324.88,-9.13
2021,5,30,1399.22,1399.22,0
2021,5,31,1548.51,924.83,-623.68
2021,6,1,1127.38,847.03,-280.35
2021,6,2,1240.15,997.61,-242.54
2021,6,3,1153.86,1076.68,-77.18
2021,6,4,1273.23,911.31,-361.92
2021,6,5,1657.2,938.05,-719.15
2021,6,6,1704.11,1018.04,-686.07
2021,6,7,1486.77,1205.47,-281.3
2021,6,8,1545.05,1363.62,-181.43
2021,6,9,1683.66,1329.27,-354.39
2021,6,10,1519.52,1075.38,-444.14
2021,6,11,1401.12,1401.12,0
2021,6,12,1097.15,933.35,-163.8
2021,6,13,1215.56,1036.34,-179.22
2021,6,14,1474.51,1282.05,-192.46
2021,6,15,1692.49,1081.4,-611.09
2021,6,16,1601.78,975.87,-625.91
2021,6,17,1583.17,919.79,-663.38
2021,6,18,1682.09,955.07,-727.02
2021,6,19,1567.11,1170.22,-396.89
2021,6,20,1583.51,1025,-558.51
2021,6,21,1507.25,1289.59,-217.66
2021,6,22,1553.26,1552.32,-0.94
2021,6,23,1612.78,939,-673.78
2021,6,24,1541.91,874.74,-667.17
2021,6,25,1572.45,921.04,-651.41
2021,6,26,1500.66,1074.48,-426.18
2021,6,27,1487.71,1093.03,-394.68
2021,6,28,1621.96,1219.38,-402.58
2021,6,29,1681.77,1203.28,-478.49
2021,6,30,1622.89,1290.24,-332.65
2021,7,1,1728.08,1599.25,-128.83
2021,7,2,1758.98,1106.6,-652.38
2021,7,3,1699.75,1039.51,-660.24
2021,7,4,1568.65,985.29,-583.36
2021,7,5,1633.3,1009.92,-623.38
2021,7,6,1460.98,1223.47,-237.51
2021,7,7,1740.06,1199.84,-540.22
2021,7,8,1729.02,1564.58,-164.44
2021,7,9,1772.86,1409.67,-363.19
2021,7,10,1647.14,1260.31,-386.83
2021,7,11,1460.02,1234.79,-225.23
2021,7,12,1848.43,1729.03,-119.4
2021,7,13,1668.54,1650.59,-17.95
2021,7,14,1730.29,1459.4,-270.89
2021,7,15,1603.33,1419.7,-183.63
2021,7,16,1775.32,1290.23,-485.09
2021,7,17,1799.01,1378.78,-420.23
2021,7,18,1683.41,1207.74,-475.67
2021,7,19,1406.48,1182.2,-224.28
2021,7,20,1817.28,1090.25,-727.03
2021,7,21,1764,1212.11,-551.89
2021,7,22,1403.99,1116.39,-287.6
2021,7,23,1799.59,1067.21,-732.38
2021,7,24,1564.58,1137.45,-427.13
2021,7,25,1544.43,1278.59,-265.84
2021,7,26,1526.5,1309.15,-217.35
2021,7,27,1666.99,1233.87,-433.12
2021,7,28,1803.34,1170.82,-632.52
2021,7,29,1604.91,1600.49,-4.42
2021,7,30,2148.27,1017.41,-1130.86
2021,7,31,2010.36,962.66,-1047.7
2021,8,1,1282.05,1167.07,-114.98
2021,8,2,1722.43,1058.39,-664.04
2021,8,3,1300.93,1112.87,-188.06
2021,8,4,1325.82,1258.41,-67.41
2021,8,5,1782.25,1155.42,-626.83
2021,8,6,1807.8,1226.3,-581.5
2021,8,7,1665.1,1179.68,-485.42
2021,8,8,1618.14,1176.82,-441.32
2021,8,9,1743.51,1281.42,-462.09
2021,8,10,1719.57,1502.53,-217.04
2021,8,11,1899.44,1311.34,-588.1
2021,8,12,1871.42,1425.37,-446.05
2021,8,13,1979.47,1361.75,-617.72
2021,8,14,1753.29,1317.32,-435.97
2021,8,15,1976.61,1158.24,-818.37
2021,8,16,1614.05,1597.05,-17
2021,8,17,1743.84,1631.38,-112.46
2021,8,18,1953.61,1753.9,-199.71
2021,8,19,1841.49,1660.04,-181.45
2021,8,20,1766.82,1642.4,-124.42
2021,8,21,1433.54,1341.56,-91.98
2021,8,22,1572.78,1541.91,-30.87
2021,8,23,1878.65,1679.57,-199.08
2021,8,24,1820.12,1318.63,-501.49
2021,8,25,1763.34,1353.54,-409.8
2021,8,26,1741.93,1431.97,-309.96
2021,8,27,1753.6,1339.68,-413.92
2021,8,28,1427.24,1424.41,-2.83
2021,8,29,1450.59,1220.96,-229.63
2021,8,30,1670.11,1414.95,-255.16
2021,8,31,1610.57,1475.45,-135.12
2021,9,1,1878.03,1878.03,0
2021,9,2,2308.03,1125.19,-1182.84
2021,9,3,2170.3,1126.09,-1044.21
2021,9,4,1848.73,1080.12,-768.61
2021,9,5,1406.17,1369,-37.17
2021,9,6,1879.32,1080.8,-798.52
2021,9,7,1692.17,1138.72,-553.45
2021,9,8,1744.78,1385.69,-359.09
2021,9,9,1793.61,1793.61,0
2021,9,10,1762.4,1114.12,-648.28
2021,9,11,1807.78,1122.03,-685.75
2021,9,12,1622.9,1098.12,-524.78
2021,9,13,1632.32,1320.15,-312.17
2021,9,14,1607.73,1414.96,-192.77
2021,9,15,1713.61,1406.8,-306.81
2021,9,16,1754.22,1417.17,-337.05
2021,9,17,1661.61,1623.81,-37.8
2021,9,18,2072.99,1271.01,-801.98
2021,9,19,1917.99,1149.74,-768.25
2021,9,20,1640.84,1284.9,-355.94
2021,9,21,1541,1356.4,-184.6
2021,9,22,1661.62,1466.32,-195.3
2021,9,23,1698.8,1672.66,-26.14
2021,9,24,1835.84,1029.75,-806.09
2021,9,25,1779.42,1064.07,-715.35
2021,9,26,1799.26,1009.57,-789.69
2021,9,27,1767.45,1161.71,-605.74
2021,9,28,1735.02,1695.64,-39.38
2021,9,29,1660.04,1219.66,-440.38
2021,9,30,1615.34,1285.22,-330.12
2021,10,1,1683.66,1108.78,-574.88
2021,10,2,1691.24,1012.73,-678.51
2021,10,3,1615.96,1080.45,-535.51
2021,10,4,1468.55,1393.26,-75.29
2021,10,5,1726.83,1725.89,-0.94
2021,10,6,1506.97,1504.13,-2.84
2021,10,7,1679.25,1489.64,-189.61
2021,10,8,1620.05,1242.05,-378
2021,10,9,1224.09,1191.34,-32.75
2021,10,10,1266.91,1255.57,-11.34
2021,10,11,1268.8,1088.94,-179.86
2021,10,12,1529.31,1529.31,0
2021,10,13,1587.58,1587.58,0
2021,10,14,1532.47,1198.58,-333.89
2021,10,15,1447.39,1138.07,-309.32
2021,10,16,1552.35,1137.48,-414.87
2021,10,17,2026.1,1040.46,-985.64
2021,10,18,1844.96,1268.5,-576.46
2021,10,19,2308.64,1149.13,-1159.51
2021,10,20,2158.07,1111.63,-1046.44
2021,10,21,2072.09,1101.55,-970.54
2021,10,22,1957.39,1033.18,-924.21
2021,10,23,1471.03,1110.98,-360.05
2021,10,24,1552.93,1020.91,-532.02
2021,10,25,1624.46,1173.7,-450.76
2021,10,26,1610.62,1336.87,-273.75
2021,10,27,1548.52,1548.52,0
2021,10,28,2072.98,1161.68,-911.3
2021,10,29,1337.46,1238.24,-99.22
2021,10,30,1794.86,1130.53,-664.33
2021,10,31,1821.63,1052.71,-768.92
2021,11,1,2022.92,1188.49,-834.43
2021,11,2,1553.24,1536.56,-16.68
2021,11,3,2320.62,1430.73,-889.89
2021,11,4,2017.57,1449.01,-568.56
2021,11,5,2284.98,1428.51,-856.47
2021,11,6,2322.85,1424.78,-898.07
2021,11,7,1954.59,1493.75,-460.84
2021,11,8,2168.44,1440.48,-727.96
2021,11,9,1998.37,1372.46,-625.91
2021,11,10,2014.75,1277.33,-737.42
2021,11,11,1770.33,1251.21,-519.12
2021,11,12,1600.2,1381.89,-218.31
2021,11,13,1635.48,1318.27,-317.21
2021,11,14,1462.88,1312.3,-150.58
2021,11,15,1797.4,1766.22,-31.18
2021,11,16,2088.13,1424.12,-664.01
2021,11,17,1895.94,1506.61,-389.33
2021,11,18,1912.35,1334.01,-578.34
2021,11,19,1999.9,1365.19,-634.71
2021,11,20,1946.99,1310.07,-636.92
2021,11,21,1876.75,1454.66,-422.09
2021,11,22,1661.63,1661.63,0
2021,11,23,2071.77,1581.96,-489.81
2021,11,24,2063.26,1433.88,-629.38
2021,11,25,1827.64,1263.15,-564.49
2021,11,26,1581.92,1319.53,-262.39
2021,11,27,1902.89,1318.58,-584.31
2021,11,28,1466.01,1436.41,-29.6
2021,11,29,1897.23,1621.61,-275.62
2021,11,30,1979.45,1971.26,-8.19
2021,12,1,1944.83,1434.85,-509.98
2021,12,2,1649.95,1590.42,-59.53
2021,12,3,2005.89,1428.17,-577.72
2021,12,4,1774.39,1543.82,-230.57
2021,12,5,1753.29,1463.18,-290.11
2021,12,6,1877.7,1773.12,-104.58
2021,12,7,1987.01,1619.71,-367.3
2021,12,8,1934.09,1928.73,-5.36
2021,12,9,1857.9,1620.71,-237.19
2021,12,10,1757.08,1700.7,-56.38
2021,12,11,1732.81,1732.81,0
2021,12,12,2044.35,1407.73,-636.62
2021,12,13,2060.74,1545.39,-515.35
2021,12,14,2009.69,1518.29,-491.4
2021,12,15,1937.55,1623.82,-313.73
2021,12,16,1654.35,1274.79,-379.56
2021,12,17,1590.1,1169.27,-420.83
2021,12,18,1618.45,1618.45,0
2021,12,19,1519.88,1358.61,-161.27
2021,12,20,1965.28,1486.16,-479.12
2021,12,21,1662.25,1660.05,-2.2
2021,12,22,1941.04,1534.05,-406.99
2021,12,23,1997.42,1433.88,-563.54
2021,12,24,1685.88,1401.13,-284.75
2021,12,25,1616.28,1609.66,-6.62
2021,12,26,1904.8,1263.77,-641.03
2021,12,27,1841.52,1839.63,-1.89
2021,12,28,1707.3,1707.3,0
2021,12,29,1705.09,1701.95,-3.14
2021,12,30,1493.4,1372.13,-121.27
2021,12,31,1548.56,1547.3,-1.26
2022,1,1,1576.23,1576.23,0
2022,1,2,1382.52,1347.24,-35.28
2022,1,3,2022.6,2022.6,0
2022,1,4,2028.62,1579.1,-449.52
2022,1,5,1964,1963.06,-0.94
2022,1,6,1911.44,1687.79,-223.65
2022,1,7,2278.06,2278.06,0
2022,1,8,2124.36,2124.36,0
2022,1,9,2058.2,2056.62,-1.58
2022,1,10,2143.85,1727.74,-416.11
2022,1,11,2270.84,1789.51,-481.33
2022,1,12,2062.63,1702.58,-360.05
2022,1,13,1872.39,1626.36,-246.03
2022,1,14,1958.31,1447.71,-510.6
2022,1,15,1989.53,1526.48,-463.05
2022,1,16,1847.82,1649.99,-197.83
2022,1,17,2009.41,1994.92,-14.49
2022,1,18,1994.92,1900.73,-94.19
2022,1,19,2067.06,1609.68,-457.38
2022,1,20,2062.6,2062.6,0
2022,1,21,2223.56,1804.61,-418.95
2022,1,22,2499.52,1697.53,-801.99
2022,1,23,2205.32,1622.89,-582.43
2022,1,24,2240.29,1669.5,-570.79
2022,1,25,1884.65,1867.65,-17
2022,1,26,2255.69,1509.46,-746.23
2022,1,27,1905.73,1646.5,-259.23
2022,1,28,1905.09,1904.15,-0.94
2022,1,29,2161.22,2161.22,0
2022,1,30,2166.9,2166.9,0
2022,1,31,2470.24,2470.24,0
2022,2,1,2299.49,2299.49,0
2022,2,2,1974.76,1945.77,-28.99
2022,2,3,2086.54,2086.54,0
2022,2,4,2044.68,2044.68,0
2022,2,5,2008.77,1497.52,-511.25
2022,2,6,2057.88,1554.53,-503.35
2022,2,7,2148.3,2148.3,0
2022,2,8,2243.71,1486.76,-756.95
2022,2,9,2326.26,1396.07,-930.19
2022,2,10,2212.87,1337.18,-875.69
2022,2,11,2348.62,1195.4,-1153.22
2022,2,12,2164.04,1160.45,-1003.59
2022,2,13,1852.86,1852.86,0
2022,2,14,2383.29,2383.29,0
2022,2,15,2366.89,2366.89,0
2022,2,16,2010.33,1770.61,-239.72
2022,2,17,1928.11,1301.27,-626.84
2022,2,18,2307.37,1166.12,-1141.25
2022,2,19,1808.42,1383.17,-425.25
2022,2,20,2682.24,1346.33,-1335.91
2022,2,21,2557.47,1251.16,-1306.31
2022,2,22,1834.88,1726.53,-108.35
2022,2,23,1821.65,1399.22,-422.43
2022,2,24,1731.54,1728.08,-3.46
2022,2,25,2019.44,1711.69,-307.75
2022,2,26,2537.95,1295.89,-1242.06
2022,2,27,2775.48,1237.02,-1538.46
2022,2,28,2610.43,1273.23,-1337.2
2022,3,1,1734.38,1523.01,-211.37
2022,3,2,2489.16,1141.58,-1347.58
2022,3,3,2615.46,1188.49,-1426.97
2022,3,4,2731.37,1298.13,-1433.24
2022,3,5,2026.05,1286.76,-739.29
2022,3,6,1542.56,1356.71,-185.85
2022,3,7,1656.91,1132.75,-524.16
2022,3,8,2341.37,1217.15,-1124.22
2022,3,9,2126.26,2126.26,0
2022,3,10,2279.65,1254,-1025.65
2022,3,11,2783.65,1170.53,-1613.12
2022,3,12,1936.95,1936.95,0
2022,3,13,2700.2,1426.03,-1274.17
2022,3,14,2711.81,1317.65,-1394.16
2022,3,15,2409.41,1229.11,-1180.3
2022,3,16,2092.53,1042.02,-1050.51
2022,3,17,1620.69,1620.69,0
2022,3,18,1643.35,1135.88,-507.47
2022,3,19,1559.85,956.31,-603.54
2022,3,20,1351.03,1121.4,-229.63
2022,3,21,2750.55,1062.81,-1687.74
2022,3,22,2527.21,953.49,-1573.72
2022,3,23,1641.46,1220.31,-421.15
2022,3,24,1775.65,1775.65,0
2022,3,25,1640.5,1009.88,-630.62
2022,3,26,1694.1,978.1,-716
2022,3,27,1396.09,1130.86,-265.23
2022,3,28,2026.42,1378.77,-647.65
2022,3,29,1945.78,1298.14,-647.64
2022,3,30,1430.74,1335.9,-94.84
2022,3,31,1344.73,1320.48,-24.25
2022,4,1,1501.23,951.26,-549.97
2022,4,2,2035.87,864.07,-1171.8
2022,4,3,1408.06,1282.68,-125.38
2022,4,4,1571.86,1013.68,-558.18
2022,4,5,1319.2,1168.31,-150.89
2022,4,6,1422.85,1422.54,-0.31
2022,4,7,1782.57,1782.57,0
2022,4,8,1884.66,857.12,-1027.54
2022,4,9,1455.6,889.86,-565.74
2022,4,10,1317.63,968.93,-348.7
2022,4,11,1836.41,932.38,-904.03
2022,4,12,1857.86,947.84,-910.02
2022,4,13,1630.12,884.84,-745.28
2022,4,14,1656.91,912.86,-744.05
2022,4,15,1987.97,771.13,-1216.84
2022,4,16,1652.79,854.58,-798.21
2022,4,17,1869.81,798.19,-1071.62
2022,4,18,1390.72,1249.92,-140.8
2022,4,19,1510.42,1203.61,-306.81
2022,4,20,2062.98,1049.31,-1013.67
2022,4,21,1442.07,1099.66,-342.41
2022,4,22,1955.85,823.1,-1132.75
2022,4,23,1384.74,897.43,-487.31
2022,4,24,1896.3,709.38,-1186.92
2022,4,25,960.11,919.17,-40.94
2022,4,26,1247.07,965.46,-281.61
2022,4,27,1430.09,1018.7,-411.39
2022,4,28,2065.44,962.32,-1103.12
2022,4,29,2283.44,896.18,-1387.26
2022,4,30,2190.5,880.11,-1310.39
2022,5,1,1969.68,876.64,-1093.04
2022,5,2,1312.29,1185.36,-126.93
2022,5,3,1393.88,748.43,-645.45
2022,5,4,1394.17,1067.21,-326.96
2022,5,5,1545.09,776.78,-768.31
2022,5,6,1254.67,1254.67,0
2022,5,7,1338.14,1337.83,-0.31
2022,5,8,1980.41,804.2,-1176.21
2022,5,9,2094.4,813.63,-1280.77
2022,5,10,1875.48,840.08,-1035.4
2022,5,11,1133.68,815.53,-318.15
2022,5,12,1430.38,835.68,-594.7
2022,5,13,1224.11,945.03,-279.08
2022,5,14,1057.76,1055.25,-2.51
2022,5,15,1498.14,793.48,-704.66
2022,5,16,1293.12,937.46,-355.66
2022,5,17,1816.92,819.31,-997.61
2022,5,18,1757.4,820.88,-936.52
2022,5,19,1470.43,972.74,-497.69
2022,5,20,1315.7,985.9,-329.8
2022,5,21,1840.88,882.32,-958.56
2022,5,22,1806.81,990.96,-815.85
2022,5,23,1736.26,891.44,-844.82
2022,5,24,1294.98,898.7,-396.28
2022,5,25,1828.87,855.84,-973.03
2022,5,26,1194.8,935.87,-258.93
2022,5,27,1136.54,975.52,-161.02
2022,5,28,1818.89,783.73,-1035.16
2022,5,29,1872.34,795.98,-1076.36
2022,5,30,1909.84,828.75,-1081.09
2022,5,31,1648.39,924.21,-724.18
2022,6,1,1504.14,1062.81,-441.33
2022,6,2,1748.29,1331.81,-416.48
2022,6,3,1813.77,1278.9,-534.87
2022,6,4,2034.58,933.35,-1101.23
2022,6,5,2041.51,829.38,-1212.13
2022,6,6,1839.56,819.29,-1020.27
2022,6,7,1341.26,1044.53,-296.73
2022,6,8,1723.97,844.47,-879.5
2022,6,9,1768.74,902.17,-866.57
2022,6,10,1917.71,746.85,-1170.86
2022,6,11,1033.19,826.24,-206.95
2022,6,12,1214.62,979.95,-234.67
2022,6,13,1489.91,1016.16,-473.75
2022,6,14,1825.72,1240.15,-585.57
2022,6,15,1790.44,1080.12,-710.32
2022,6,16,1787.31,1394.19,-393.12
2022,6,17,1934.74,1066.91,-867.83
2022,6,18,1790.46,965.8,-824.66
2022,6,19,2203.43,781.83,-1421.6
2022,6,20,1989.23,760.73,-1228.5
2022,6,21,1233.23,953.5,-279.73
2022,6,22,1386.32,1328.99,-57.33
2022,6,23,1567.74,1333.37,-234.37
2022,6,24,1706.04,950.98,-755.06
2022,6,25,1809.71,911.63,-898.08
2022,6,26,1855.34,911.92,-943.42
2022,6,27,1485.55,1471.06,-14.49
2022,6,28,1705.7,864.03,-841.67
2022,6,29,1832.35,953.18,-879.17
2022,6,30,1752.65,930.81,-821.84
2022,7,1,1732.44,1008.89,-723.55
2022,7,2,1692.21,1056.53,-635.68
2022,7,3,1895.69,946.91,-948.78
2022,7,4,2051.27,827.19,-1224.08
2022,7,5,1607.16,1291.84,-315.32
2022,7,6,1445.54,1158.58,-286.96
2022,7,7,1271.03,1184.08,-86.95
2022,7,8,1447.09,972.71,-474.38
2022,7,9,1433.23,971.12,-462.11
2022,7,10,1820.07,844.19,-975.88
2022,7,11,1691.25,908.16,-783.09
2022,7,12,1792.98,1151.64,-641.34
2022,7,13,1790.75,1227.86,-562.89
2022,7,14,1903.85,1324.27,-579.58
2022,7,15,1737.86,1216.21,-521.65
2022,7,16,1887.8,1225.04,-662.76
2022,7,17,1838.65,1228.51,-610.14
2022,7,18,1686.81,1493.41,-193.4
2022,7,19,1826.04,1238.9,-587.14
2022,7,20,1854.43,1341.6,-512.83
2022,7,21,1823.15,1345.62,-477.53
2022,7,22,1908.93,1220.65,-688.28
2022,7,23,1979.48,1171.49,-807.99
2022,7,24,1927.8,1185.98,-741.82
2022,7,25,1659.75,1571.85,-87.9
2022,7,26,1471.05,1449,-22.05
2022,7,27,1676.71,1285.5,-391.21
2022,7,28,1730.92,1411.52,-319.4
2022,7,29,1439.23,1335.59,-103.64
2022,7,30,2033.93,1085.78,-948.15
2022,7,31,1717.4,1158.58,-558.82
2022,8,1,1667.93,1657.86,-10.07
2022,8,2,1720.2,1188.83,-531.37
2022,8,3,1709.51,1029.11,-680.4
2022,8,4,1639.59,1185.67,-453.92
2022,8,5,1681.44,1279.19,-402.25
2022,8,6,1936.94,1281.1,-655.84
2022,8,7,1847.78,1342.53,-505.25
2022,8,8,1889.4,1532.18,-357.22
2022,8,9,1864.51,1436.1,-428.41
2022,8,10,1694.09,1365.86,-328.23
2022,8,11,1758.61,1169.24,-589.37
2022,8,12,1928.42,972.38,-956.04
2022,8,13,1984.21,870.68,-1113.53
2022,8,14,1735.97,888.93,-847.04
2022,8,15,1635.16,947.2,-687.96
2022,8,16,1831.72,986.57,-845.15
2022,8,17,1485.22,1286.46,-198.76
2022,8,18,1747.61,1221.56,-526.05
2022,8,19,1857.23,1257.78,-599.45
2022,8,20,1962.76,1253.69,-709.07
2022,8,21,1549.52,1302.23,-247.29
2022,8,22,1733.43,1489.93,-243.5
2022,8,23,1609.35,1138.75,-470.6
2022,8,24,1678.68,1071.35,-607.33
2022,8,25,1602.41,1131.78,-470.63
2022,8,26,1562.71,1155.11,-407.6
2022,8,27,1580.69,1114.81,-465.88
2022,8,28,1469.14,1157.9,-311.24
2022,8,29,1720.53,1291.5,-429.03
2022,8,30,1919.94,1523.02,-396.92
2022,8,31,1838.97,1327.1,-511.87
2022,9,1,1722.41,996.65,-725.76
2022,9,2,1810.62,915.39,-895.23
2022,9,3,1629.21,950.05,-679.16
2022,9,4,1651.23,1024.38,-626.85
2022,9,5,1537.81,1089.88,-447.93
2022,9,6,1698.17,1689.98,-8.19
2022,9,7,1427.92,1403.34,-24.58
2022,9,8,1512.62,1129.28,-383.34
2022,9,9,1581.27,976.16,-605.11
2022,9,10,1715.5,993.53,-721.97
2022,9,11,1382.83,1368.97,-13.86
2022,9,12,1472.29,1356.37,-115.92
2022,9,13,1542.86,1250.87,-291.99
2022,9,14,1590.12,1005.17,-584.95
2022,9,15,1663.83,963.26,-700.57
2022,9,16,1664.47,935.23,-729.24
2022,9,17,1512.32,985.94,-526.38
2022,9,18,1718,968.92,-749.08
2022,9,19,1522.39,1244.55,-277.84
2022,9,20,1529.61,1156.03,-373.58
2022,9,21,1521.46,1021.87,-499.59
2022,9,22,1425.05,1321.74,-103.31
2022,9,23,1693.42,895.54,-797.88
2022,9,24,1654.37,894.59,-759.78
2022,9,25,1218.71,1005.15,-213.56
2022,9,26,1537.5,994.14,-543.36
2022,9,27,1660.65,953.79,-706.86
2022,9,28,1491.22,989.11,-502.11
2022,9,29,1514.19,957.91,-556.28
2022,9,30,1169.95,1093.09,-76.86
2022,10,1,1237.33,1227.25,-10.08
2022,10,2,1307.28,1306.97,-0.31
2022,10,3,1775.65,1775.65,0
2022,10,4,1676.12,1676.12,0
2022,10,5,1398.89,1398.89,0
2022,10,6,1177.48,1060.59,-116.89
2022,10,7,1172.79,1066.63,-106.16
2022,10,8,1191.33,1048.01,-143.32
2022,10,9,1477.68,993.53,-484.15
2022,10,10,1166.76,1051.16,-115.6
2022,10,11,1164.21,1155.07,-9.14
2022,10,12,1137.77,1117.93,-19.84
2022,10,13,1503.8,1503.8,0
2022,10,14,1098.7,1078.86,-19.84
2022,10,15,1185.34,886.41,-298.93
2022,10,16,1061.23,991.62,-69.61
2022,10,17,1375.26,1371.17,-4.09
2022,10,18,1170.87,1148.2,-22.67
2022,10,19,1476.08,1456.87,-19.21
2022,10,20,1967.2,1071.64,-895.56
2022,10,21,1797.39,954.45,-842.94
2022,10,22,1287.38,953.17,-334.21
2022,10,23,1219.96,1219.02,-0.94
2022,10,24,1523.01,1523.01,0
2022,10,25,1540.63,1540.63,0
2022,10,26,1393.22,1374.64,-18.58
2022,10,27,1384.75,1011.16,-373.59
2022,10,28,1241.07,981.19,-259.88
2022,10,29,1500.34,1009.89,-490.45
2022,10,30,1480.19,1022.81,-457.38
2022,10,31,1339.97,1269.42,-70.55
2022,11,1,1423.48,1379.38,-44.1
2022,11,2,1712.03,1014.3,-697.73
2022,11,3,1740.97,1059.62,-681.35
2022,11,4,1658.45,1153.82,-504.63
2022,11,5,1727.18,1121.12,-606.06
2022,11,6,1374.64,1327.4,-47.24
2022,11,7,1664.79,1044.23,-620.56
2022,11,8,1724.31,1012.4,-711.91
2022,11,9,1724.32,1104.08,-620.24
2022,11,10,1793.94,1110.71,-683.23
2022,11,11,1354.17,1353.54,-0.63
2022,11,12,1395.11,1000.11,-395
2022,11,13,1401.1,1143.43,-257.67
2022,11,14,1867.93,1282.98,-584.95
2022,11,15,1769.34,1769.34,0
2022,11,16,1560.17,1430.07,-130.1
2022,11,17,1604.32,1478.64,-125.68
2022,11,18,1795.79,1398.57,-397.22
2022,11,19,1970.65,1273.56,-697.09
2022,11,20,1688.71,1406.47,-282.24
2022,11,21,1625.34,1503.45,-121.89
2022,11,22,1550.1,1459.4,-90.7
2022,11,23,1581.64,1467.61,-114.03
2022,11,24,1590.42,1398.28,-192.14
2022,11,25,1746.04,1720.53,-25.51
2022,11,26,1610.31,1381.62,-228.69
2022,11,27,1773.8,1773.8,0
2022,11,28,1585.69,1494.03,-91.66
2022,11,29,1601.77,1558.93,-42.84
2022,11,30,1976.64,1976.64,0
2022,12,1,1582.52,1469.13,-113.39
2022,12,2,1552.91,1467.56,-85.35
2022,12,3,1894.4,1894.4,0
2022,12,4,1529.94,1353.86,-176.08
2022,12,5,1597.68,1552.32,-45.36
2022,12,6,2003.71,2003.71,0
2022,12,7,1725.25,1725.25,0
2022,12,8,1522.08,1521.77,-0.31
2022,12,9,1522.06,1315.1,-206.96
2022,12,10,1578.43,1391.96,-186.47
2022,12,11,1740.99,1740.99,0
2022,12,12,1830.47,1829.53,-0.94
2022,12,13,1789.22,1586.35,-202.87
2022,12,14,1816.3,1666.37,-149.93
2022,12,15,2233.34,2233.34,0
2022,12,16,1844.95,1844.95,0
2022,12,17,1688.7,1534.04,-154.66
2022,12,18,1750.13,1573.73,-176.4
2022,12,19,1816.93,1685.26,-131.67
2022,12,20,1721.8,1514.54,-207.26
2022,12,21,1708.52,1559.53,-148.99
2022,12,22,1979.46,1979.46,0
2022,12,23,1697.22,1696.91,-0.31
2022,12,24,1781.35,1573.13,-208.22
2022,12,25,1792.65,1562.08,-230.57
2022,12,26,1775.68,1468.54,-307.14
2022,12,27,1707,1688.1,-18.9
2022,12,28,1836.45,1705.73,-130.72
2022,12,29,1844.01,1844.01,0
2022,12,30,1669.49,1669.49,0
2022,12,31,1689.34,1689.34,0
